"Transaction Hash","Blockno","UnixTimestamp","DateTime (UTC+9)","ParentTxFrom","ParentTxTo","ParentTxETH_Value","From","TxTo","ContractAddress","Value_IN(ETH)","Value_OUT(ETH)","CurrentValue @ $2050.63276189729/Eth","Historical $Price/Eth","Status","ErrCode","Type"
"0x2a0ed74516a05dfb94c1caca174619fe124c090b1b1305fcbf21c1c77e416c2e","24630576","1773188063","2026-03-11 09:14:23","0xa3a041f3997b1f9206406242e91f435b48ad0bc2","0x07f6ce0b13477152d9d1a7768d0a8efc1a03133a","0.000000008","0x5bb187177e8bcff2dd8f292a38a89dd3a21879e2","0x545b7b7e9372ea6ddc805c0cdee3025eee1880b1","","0.000000001","0","0.00000205063276189729","2052.28","0","","call",""
"0x127dd56946708e2c84d15dd4c59055aae375eb9fab6c5c4f0cea153bad60a8f1","24631288","1773196619","2026-03-11 11:36:59","0xa3a041f3997b1f9206406242e91f435b48ad0bc2","0x07f6ce0b13477152d9d1a7768d0a8efc1a03133a","0.000000012","0x5486c94d55d2ae8ea716fff6e36d5db94f8937b8","0x545b7b7e9372ea6ddc805c0cdee3025eee1880b1","","0.000000001","0","0.00000205063276189729","2052.28","0","","call",""
"0x0e94daa7db3c270f7e208bc9adb0f4369e878d6839e57b7a2dc615a05be3c4f7","24631641","1773200867","2026-03-11 12:47:47","0xa3a041f3997b1f9206406242e91f435b48ad0bc2","0x07f6ce0b13477152d9d1a7768d0a8efc1a03133a","0.000000025","0xa2dfae36cf7258ba24f577fed99284c7f2373e67","0x545b7b7e9372ea6ddc805c0cdee3025eee1880b1","","0.000000001","0","0.00000205063276189729","2052.28","0","","call",""
"0x9d86646b68289df144907418a747bdc858b73105513f70c504b7288dd4386df2","24632149","1773206999","2026-03-11 14:29:59","0xa3a041f3997b1f9206406242e91f435b48ad0bc2","0x07f6ce0b13477152d9d1a7768d0a8efc1a03133a","0.000000015","0x5486c94d55d2ae8ea716fff6e36d5db94f8937b8","0x545b7b7e9372ea6ddc805c0cdee3025eee1880b1","","0.000000001","0","0.00000205063276189729","2052.28","0","","call",""
"0x0c46102da0c76fe492af9465202a1049a005389630f06a35c11a55c8e96dbdc1","24632230","1773207971","2026-03-11 14:46:11","0xa3a041f3997b1f9206406242e91f435b48ad0bc2","0x07f6ce0b13477152d9d1a7768d0a8efc1a03133a","0.000000015","0x09c4a7299e0fa118beb8894e03ef538ccca339a5","0x545b7b7e9372ea6ddc805c0cdee3025eee1880b1","","0.000000001","0","0.00000205063276189729","2052.28","0","","call",""
"0xc23e376c82707db3968d78961f08a590de5e52963f81e82d214f86ea33b352a9","24632427","1773210359","2026-03-11 15:25:59","0xa3a041f3997b1f9206406242e91f435b48ad0bc2","0x07f6ce0b13477152d9d1a7768d0a8efc1a03133a","0.000000012","0x8239e6670ac450f258e25aa8dcf9b1a98ce1d36a","0x545b7b7e9372ea6ddc805c0cdee3025eee1880b1","","0.000000001","0","0.00000205063276189729","2052.28","0","","call",""
"0xeda91e99f5634e6e6ca40714534d6acfa10db82ad3d695b1841ef75820f85a91","24632551","1773211847","2026-03-11 15:50:47","0xa3a041f3997b1f9206406242e91f435b48ad0bc2","0x07f6ce0b13477152d9d1a7768d0a8efc1a03133a","0.000000022","0x2fc1284b8809f3432d84e5eeee990b3af42a23e2","0x545b7b7e9372ea6ddc805c0cdee3025eee1880b1","","0.000000001","0","0.00000205063276189729","2052.28","0","","call",""
"0x26812afef216072e2b773a2f32263510691109d2b5b17752eca3c7039983128c","24632715","1773213815","2026-03-11 16:23:35","0xa3a041f3997b1f9206406242e91f435b48ad0bc2","0x07f6ce0b13477152d9d1a7768d0a8efc1a03133a","0.000000017","0x8585f631f4153f156854c144722180316c82c3a6","0x545b7b7e9372ea6ddc805c0cdee3025eee1880b1","","0.000000001","0","0.00000205063276189729","2052.28","0","","call",""
"0xe1dee226c2171d5e8e37498b6ee8b0f30ed00ee943206fe52bf43cca242baa01","24632769","1773214475","2026-03-11 16:34:35","0xa3a041f3997b1f9206406242e91f435b48ad0bc2","0x07f6ce0b13477152d9d1a7768d0a8efc1a03133a","0.00000002","0x53e7575073376e10a7e83d16642f9746d16fa1a6","0x545b7b7e9372ea6ddc805c0cdee3025eee1880b1","","0.000000001","0","0.00000205063276189729","2052.28","0","","call",""
"0x8acfdcb0bf73df1b537155fd82540ef32efbb77c2b8334df85c0e611dca59d74","24632775","1773214547","2026-03-11 16:35:47","0xa3a041f3997b1f9206406242e91f435b48ad0bc2","0x07f6ce0b13477152d9d1a7768d0a8efc1a03133a","0.00000002","0xfa1e809ee313711cae0fa32b05918fb939084b93","0x545b7b7e9372ea6ddc805c0cdee3025eee1880b1","","0.000000001","0","0.00000205063276189729","2052.28","0","","call",""
"0x9d904980dcd84d6e57b4411923bf5a00895e9e291fc18f1e07d5380caae9fb71","24632998","1773217235","2026-03-11 17:20:35","0xa3a041f3997b1f9206406242e91f435b48ad0bc2","0x07f6ce0b13477152d9d1a7768d0a8efc1a03133a","0.000000033","0x929c78725548ba11e87aa8d0ea4d5bd4121ac04a","0x545b7b7e9372ea6ddc805c0cdee3025eee1880b1","","0.000000001","0","0.00000205063276189729","2052.28","0","","call",""
"0x0d75c77139c190663c92b22533646de289a44cb9112f5b721cca6e338be5f467","24633006","1773217331","2026-03-11 17:22:11","0xa3a041f3997b1f9206406242e91f435b48ad0bc2","0x07f6ce0b13477152d9d1a7768d0a8efc1a03133a","0.000000034","0x929c78725548ba11e87aa8d0ea4d5bd4121ac04a","0x545b7b7e9372ea6ddc805c0cdee3025eee1880b1","","0.000000001","0","0.00000205063276189729","2052.28","0","","call",""
"0x79f502785e2c7f0b0ea41f10e3b435123beeee83220a935e1d0262cbd8bd19aa","24633034","1773217679","2026-03-11 17:27:59","0xa3a041f3997b1f9206406242e91f435b48ad0bc2","0x07f6ce0b13477152d9d1a7768d0a8efc1a03133a","0.000000021","0xb3e35d23f0504b684d73a91c72049061523dc323","0x545b7b7e9372ea6ddc805c0cdee3025eee1880b1","","0.000000001","0","0.00000205063276189729","2052.28","0","","call",""
"0x5a6f78e93bced325d81b646e3de0f6fe7174e5de790b2693b12441e5630b9176","24633341","1773221363","2026-03-11 18:29:23","0xa3a041f3997b1f9206406242e91f435b48ad0bc2","0x07f6ce0b13477152d9d1a7768d0a8efc1a03133a","0.000000025","0x0b03a177bba41a2f101917171923797eb42ee0bd","0x545b7b7e9372ea6ddc805c0cdee3025eee1880b1","","0.000000001","0","0.00000205063276189729","2052.28","0","","call",""
"0x912ffca6174dc312997f0f34bce3152ae9320491efec1a4cbfda10e31feb6c16","24633754","1773226367","2026-03-11 19:52:47","0xa3a041f3997b1f9206406242e91f435b48ad0bc2","0x07f6ce0b13477152d9d1a7768d0a8efc1a03133a","0.00000002","0x3e46237a4c55daf3b1c4cd3c73b2d680912c207b","0x545b7b7e9372ea6ddc805c0cdee3025eee1880b1","","0.000000001","0","0.00000205063276189729","2052.28","0","","call",""
"0x58db0a22b9868c3ce7e6f6021e9bbdcff6a03afab5b1ddeea16352e28750fd76","24633766","1773226511","2026-03-11 19:55:11","0xa3a041f3997b1f9206406242e91f435b48ad0bc2","0x07f6ce0b13477152d9d1a7768d0a8efc1a03133a","0.000000028","0x3e46237a4c55daf3b1c4cd3c73b2d680912c207b","0x545b7b7e9372ea6ddc805c0cdee3025eee1880b1","","0.000000001","0","0.00000205063276189729","2052.28","0","","call",""
"0x4088067203ae542ac33f53bbb8bfff3e8715948f5e5508d52283532dc13b0485","24633873","1773227795","2026-03-11 20:16:35","0xa3a041f3997b1f9206406242e91f435b48ad0bc2","0x07f6ce0b13477152d9d1a7768d0a8efc1a03133a","0.000000019","0xc85c6a39500275c3bae106cd988d287b938ddc9a","0x545b7b7e9372ea6ddc805c0cdee3025eee1880b1","","0.000000001","0","0.00000205063276189729","2052.28","0","","call",""
"0xc6e591e5fd8bcd037eef6fb601b2d57afa803913e38144ddff51e3c23423c98a","24633892","1773228023","2026-03-11 20:20:23","0xa3a041f3997b1f9206406242e91f435b48ad0bc2","0x07f6ce0b13477152d9d1a7768d0a8efc1a03133a","0.000000032","0x1e885a2839528dbddfda9f81c9eeb542fbc4e226","0x545b7b7e9372ea6ddc805c0cdee3025eee1880b1","","0.000000001","0","0.00000205063276189729","2052.28","0","","call",""
"0x0c8de2e443ccb5f9d9f60cdf7e98c3429bb3c2551934fa1a56045ea6fc7c4e7f","24633958","1773228839","2026-03-11 20:33:59","0xa3a041f3997b1f9206406242e91f435b48ad0bc2","0x07f6ce0b13477152d9d1a7768d0a8efc1a03133a","0.000000023","0x1e885a2839528dbddfda9f81c9eeb542fbc4e226","0x545b7b7e9372ea6ddc805c0cdee3025eee1880b1","","0.000000001","0","0.00000205063276189729","2052.28","0","","call",""
