"Transaction Hash","Blockno","UnixTimestamp","DateTime (UTC+9)","From","To","TokenValue","USDValueDayOfTx","ContractAddress","TokenName","TokenSymbol"
"0x51eaede723facda6092937f784b4941dda9b06303c5f6c89e0f67e566d5781f0","24623022","1773096827","2026-03-10 07:53:47","0x2d9a93569cb68b160bd1a798a0f3b7d4123971d8","0x545b7b7e9372ea6ddc805c0cdee3025eee1880b1","9","N/A","0xdac17f958d2ee523a2206206994597c13d831ec7","Tether USD","USDT"
"0x90963ad312dfa6b0033e0a6268d55ff6b8fcc2933e31e4ad02b088bb4e968a66","24623025","1773096863","2026-03-10 07:54:23","0x2d9591bf4e111ec051cc3461350307e403f421d8","0x545b7b7e9372ea6ddc805c0cdee3025eee1880b1","9","N/A","0xa4ce3956bd455e6a80b8f90bdf1a89cb34d9b93a","ERC20 ***","ERC20 ***"
"0xa6c1717a314713c6c3bde8f5e76aa887e91d1a062c538920900af919194ac056","24623542","1773103103","2026-03-10 09:38:23","0xea7d394a6f665ac1825c7218171cdf80606e7363","0x545b7b7e9372ea6ddc805c0cdee3025eee1880b1","9","N/A","0xdac17f958d2ee523a2206206994597c13d831ec7","Tether USD","USDT"
"0xa343c0104a6ae2b7b3241cfa2bdb6dc2858d1488819d1901c87718458bb78263","24623544","1773103127","2026-03-10 09:38:47","0xea710cec8e320efce42dbed3a780a04c1a6ca363","0x545b7b7e9372ea6ddc805c0cdee3025eee1880b1","9","N/A","0xd3f87ad97d72c6ba68a95bd940d83dcc922f4e54","ERC20 ***","ERC20 ***"
"0x7f1b9ce14c3f49cb3f3a684cac75378a7c7b1bcedc4bf693c5c7dff0f0989ddd","24623588","1773103655","2026-03-10 09:47:35","0x763cafa9e3c69aa51d20aa57e6c0775377c3a356","0x545b7b7e9372ea6ddc805c0cdee3025eee1880b1","0.0081","N/A","0xdac17f958d2ee523a2206206994597c13d831ec7","Tether USD","USDT"
"0x1254cf32fb4e283399d6141bf124c4c9ec948372840faa934d2fa4980b01c0f7","24623828","1773106559","2026-03-10 10:35:59","0xeebbb595e944c4fba22941625c2b41ab150d096f","0x545b7b7e9372ea6ddc805c0cdee3025eee1880b1","0.00726","N/A","0xdac17f958d2ee523a2206206994597c13d831ec7","Tether USD","USDT"
"0xd37645be4a28266c11bf09530a1828a603de35782999ecd19397413ecff6a711","24624282","1773112031","2026-03-10 12:07:11","0x27ab0e8ecd34d13301f068074d997121174d16f8","0x545b7b7e9372ea6ddc805c0cdee3025eee1880b1","29,999","N/A","0xdac17f958d2ee523a2206206994597c13d831ec7","Tether USD","USDT"
"0x917293fa0fe28830155ac7cbc50cbce38d1dd20210b44eb9e6f3cddd360ac85d","24624284","1773112055","2026-03-10 12:07:35","0x27aa6e9226043cc2b5ebc0826b0834129c78d6f8","0x545b7b7e9372ea6ddc805c0cdee3025eee1880b1","29,999","N/A","0x2a386714622a29e4f30d099972931172ae8ea657","ERC20 ***","ERC20 ***"
"0x59e3763e39f5cea88fe590fb641a948efc575b1c49c14ef9ce15dde198df78d9","24624352","1773112871","2026-03-10 12:21:11","0xfacc5f3c29322032af58bef36c819b30cb1eb175","0x545b7b7e9372ea6ddc805c0cdee3025eee1880b1","12","N/A","0xdac17f958d2ee523a2206206994597c13d831ec7","Tether USD","USDT"
"0x0673852f74ebca95bff1ad95920b46e6bf3d9042fed42a562797cfd71b080472","24624354","1773112895","2026-03-10 12:21:35","0xfac03fe546f2082bed2d6cfecb94d72c658e0175","0x545b7b7e9372ea6ddc805c0cdee3025eee1880b1","12","N/A","0x65e7aa4360e7d08616e70971d68a1991ad526192","ERC20 ***","ERC20 ***"
"0x34b6de02d0e3c5da69cbf96bd433d229ea498460354e6f02d659ec49c0fe04d6","24624519","1773114875","2026-03-10 12:54:35","0x160c3a5e84cb8490284a1db1d125da252666665e","0x545b7b7e9372ea6ddc805c0cdee3025eee1880b1","0.001829","N/A","0xdac17f958d2ee523a2206206994597c13d831ec7","Tether USD","USDT"
"0xe78e2c25db62520ddc7dce2b98edff559f87323c6e1ed2cfaa1d959bb7317acf","24624536","1773115079","2026-03-10 12:57:59","0xe21dd157566f7a7800d68f638d96c600c64c9f99","0x545b7b7e9372ea6ddc805c0cdee3025eee1880b1","0.0016","N/A","0xdac17f958d2ee523a2206206994597c13d831ec7","Tether USD","USDT"
"0xa7c3596bd41f3b68faa4359b08d2516f0b5cc7890e257611986ad29bc4f4f3eb","24624576","1773115559","2026-03-10 13:05:59","0x545b7b7e9372ea6ddc805c0cdee3025eee1880b1","0x058998330eee9a5b91829b369741f40885efbd44","45","N/A","0xdac17f958d2ee523a2206206994597c13d831ec7","Tether USD","USDT"
"0x830e9627aeba87a55e6cc7915baef60dbc716d3c803fe14cd94be4c095ffc0f9","24624579","1773115595","2026-03-10 13:06:35","0x0588e7f1e34c260151dae29ea2c732e1bfa9bd44","0x545b7b7e9372ea6ddc805c0cdee3025eee1880b1","0.00045","N/A","0xdac17f958d2ee523a2206206994597c13d831ec7","Tether USD","USDT"
"0x5fcc7cc3221b39ac88b3b89bbd00c1fd0cdf2bc326e59ed413e4493ef45310db","24624581","1773115619","2026-03-10 13:06:59","0x545b7b7e9372ea6ddc805c0cdee3025eee1880b1","0x0589f617ac728aebbd4ab4462592b16ded0cbd44","0","N/A","0xdac17f958d2ee523a2206206994597c13d831ec7","Tether USD","USDT"
"0x157a2a1c943572734710010666f0be107708d6596c4c6a06c97539b96ac7fd48","24624662","1773116615","2026-03-10 13:23:35","0xb3ee454500c30b25c8337534e88eaf4e4901c323","0x545b7b7e9372ea6ddc805c0cdee3025eee1880b1","0.003006","N/A","0xdac17f958d2ee523a2206206994597c13d831ec7","Tether USD","USDT"
"0xb46849705cfa942dff828ff7204734b4c8dface880e236208f717fbd2442f834","24624670","1773116711","2026-03-10 13:25:11","0x662ca055d65af311e39138024838ac1d6759e0b7","0x545b7b7e9372ea6ddc805c0cdee3025eee1880b1","57.216916","N/A","0xdac17f958d2ee523a2206206994597c13d831ec7","Tether USD","USDT"
"0x1d12687ab19c6c4918cf9572fc73a4f83eb21393570135a4857bf34bca387fb9","24624671","1773116723","2026-03-10 13:25:23","0x662ecb95f6c02cfb22de2c6a3e672540e963c0b7","0x545b7b7e9372ea6ddc805c0cdee3025eee1880b1","57.216916","N/A","0xdcef16e509176089a3510a3c6ee118fa7813e1ba","ERC20 ***","ERC20 ***"
"0x45861d1543dce37179eabebebf6f9b9bf725f48320e6120cd821f7f021e9a790","24625100","1773121883","2026-03-10 14:51:23","0x419acccb949628ebaf53d63e85a3ea142a6a9b55","0x545b7b7e9372ea6ddc805c0cdee3025eee1880b1","3,355","N/A","0xdac17f958d2ee523a2206206994597c13d831ec7","Tether USD","USDT"
"0x6205f0b90fd405c7017cc0a43d4855a40d28944ace3b61ef9f50b6fa08489bfc","24625101","1773121895","2026-03-10 14:51:35","0x419a6923c364728ecee086a22b969df42a6a9b55","0x545b7b7e9372ea6ddc805c0cdee3025eee1880b1","3,355","N/A","0x01060433f4834328b142468fdff5e633cc910373","ERC20 ***","ERC20 ***"
"0xcd1d3a84c8794b109c275047a88d23745ee072170e4b649dabaffd77ee5bb057","24625218","1773123323","2026-03-10 15:15:23","0xcf6b109abb57cc0e2f3035f4add3c5b90ab2c523","0x545b7b7e9372ea6ddc805c0cdee3025eee1880b1","28,733.224157","N/A","0xdac17f958d2ee523a2206206994597c13d831ec7","Tether USD","USDT"
"0x12b505bfe67e36caad94109494df00f354f196af8017f9a8f402d8d728eff0f2","24625221","1773123359","2026-03-10 15:15:59","0xcf618f62eea09e25fe66953f1da951f8bf24c523","0x545b7b7e9372ea6ddc805c0cdee3025eee1880b1","28,733.224157","N/A","0x2cfefd7c9bbd311de1edb6b9afb4d2fba62576d7","ERC20 ***","ERC20 ***"
"0x659a4f4f68dc26862d6462b6f1b953a9dc781cd970d7c8d1c4c6b7a536f9c7cc","24625239","1773123587","2026-03-10 15:19:47","0x545b7b7e9372ea6ddc805c0cdee3025eee1880b1","0x4d8f9e4491e6ec5b17fadc717e2b735181d319a3","146.504047","N/A","0xdac17f958d2ee523a2206206994597c13d831ec7","Tether USD","USDT"
"0x77c7ab6ead20136f73395ef3b06d53fff75ea97afe43754a1d35e0c0eaacf54e","24625244","1773123647","2026-03-10 15:20:47","0x4d882fb43c8e9c593c08ba938f680fd75f6b19a3","0x545b7b7e9372ea6ddc805c0cdee3025eee1880b1","0.000146","N/A","0xdac17f958d2ee523a2206206994597c13d831ec7","Tether USD","USDT"
"0x525f75c788f334abf9e54f790f69fdbf5acc61106cccf9e2ae6b3207bfed9f4a","24625597","1773127907","2026-03-10 16:31:47","0x545b7b7e9372ea6ddc805c0cdee3025eee1880b1","0x34ec27e00880605543de7903df004ec9972f11ff","191.730908","N/A","0xdac17f958d2ee523a2206206994597c13d831ec7","Tether USD","USDT"
"0x4f1751351b91deb5bcfaebc995d36296cb0b88fba64ae19306de5f707dc3fa74","24625972","1773132419","2026-03-10 17:46:59","0x545b7b7e9372ea6ddc805c0cdee3025eee1880b1","0x2fc75e63326c205628028656320d5286a94c23e2","53.216916","N/A","0xdac17f958d2ee523a2206206994597c13d831ec7","Tether USD","USDT"
"0x16b8409ac883461fc425b94677a7e59017fd5795ffa7023dc221dcdb11a06349","24625977","1773132479","2026-03-10 17:47:59","0x2fc1284b8809f3432d84e5eeee990b3af42a23e2","0x545b7b7e9372ea6ddc805c0cdee3025eee1880b1","0.000532","N/A","0xdac17f958d2ee523a2206206994597c13d831ec7","Tether USD","USDT"
"0xdef0aff9d59a3a5c423d1dc1e5b04c12401fbd7216e1d8fc8134f64ebc45f657","24626944","1773144191","2026-03-10 21:03:11","0xd0f575ffcad46ae82b024a9ca7560bb4a33519af","0x545b7b7e9372ea6ddc805c0cdee3025eee1880b1","1,714","N/A","0xdac17f958d2ee523a2206206994597c13d831ec7","Tether USD","USDT"
"0xe530d16de8e66dbbbf39448136303df662141db89e70a202c814d6340252a037","24626947","1773144227","2026-03-10 21:03:47","0xd0f2a6e463d44801ab1c3a95a3233bac529719af","0x545b7b7e9372ea6ddc805c0cdee3025eee1880b1","1,714","N/A","0x94475f83a51e2649654501ed2573ace156c3c3ee","ERC20 ***","ERC20 ***"
"0xd0b483ff79e17d87f6f20908b38376880eea8f14d6fd5047cc4b086c6ee83fe0","24627051","1773145475","2026-03-10 21:24:35","0x545b7b7e9372ea6ddc805c0cdee3025eee1880b1","0x0fdf5c58169427a4cf4d60adf7b7dbf01cb10002","172.074824","N/A","0xdac17f958d2ee523a2206206994597c13d831ec7","Tether USD","USDT"
"0x35b2daaeff7ccba6c14baf575ee181abe80ee8c27d3a16064d54210472302923","24627060","1773145583","2026-03-10 21:26:23","0x627b5148e2b52c7c5b7655836c3e2347384e02b7","0x545b7b7e9372ea6ddc805c0cdee3025eee1880b1","338.107147","N/A","0xdac17f958d2ee523a2206206994597c13d831ec7","Tether USD","USDT"
"0x1d6868648506a57213c4df5fb9b833fd938b2f2e8793d14489d12d90e6aef641","24627067","1773145667","2026-03-10 21:27:47","0x627f8e148e040a56ae5b46d87b41279a926b52b7","0x545b7b7e9372ea6ddc805c0cdee3025eee1880b1","338.107147","N/A","0x019edf796c2bbab6648bf4279a334077e44b371f","ERC20 ***","ERC20 ***"
"0x313ea059b94a293a8e962273724ac9ef8b63c4ea2b644137ccb51209e31803fe","24627206","1773147359","2026-03-10 21:55:59","0x114993bd4ba3ebee815676f44e77ed988f804b3c","0x545b7b7e9372ea6ddc805c0cdee3025eee1880b1","243","N/A","0xdac17f958d2ee523a2206206994597c13d831ec7","Tether USD","USDT"
"0xc788c3c52e04082e841cc35926c84e2dcac5ecbec404921bfc41b501c3d47741","24627208","1773147383","2026-03-10 21:56:23","0x1140c3ba4455b3e6d0563644469292a177231b3c","0x545b7b7e9372ea6ddc805c0cdee3025eee1880b1","243","N/A","0x019edf796c2bbab6648bf4279a334077e44b371f","ERC20 ***","ERC20 ***"
"0x891b9e0aebcd865bb6494111a4215ebb3c4c7710d838b2bd9ecf9d9cca71dd9e","24627230","1773147647","2026-03-10 22:00:47","0x545b7b7e9372ea6ddc805c0cdee3025eee1880b1","0xe90c10b61cbb83abc4794fff102645b1b12b2719","193.724967","N/A","0xdac17f958d2ee523a2206206994597c13d831ec7","Tether USD","USDT"
"0xa13562c2da4b29dba4085793cd47382c76c8d678f8a28dfc059b68ef1563cf4b","24627647","1773152711","2026-03-10 23:25:11","0x6d664128d7abae1a09f0484dfcc8dc640fab973a","0x545b7b7e9372ea6ddc805c0cdee3025eee1880b1","1,040","N/A","0xdac17f958d2ee523a2206206994597c13d831ec7","Tether USD","USDT"
"0x27c0d6278206d78e6546c546f658614f3d0787facffd2bb368c7baa1560c0f9e","24627649","1773152747","2026-03-10 23:25:47","0x6d66f008f7b8f5b1e610b99673952ad40fab973a","0x545b7b7e9372ea6ddc805c0cdee3025eee1880b1","1,040","N/A","0xdefaace5b324f6ae85df43f24f17f65aeb272fe2","ERC20 ***","ERC20 ***"
"0x007f81c7948b4fb1d58b52e41d7294282a0b6f2233f47899ae7e2bee5bbc3d21","24627804","1773154619","2026-03-10 23:56:59","0x545b7b7e9372ea6ddc805c0cdee3025eee1880b1","0x4d8f9e4491e6ec5b17fadc717e2b735181d319a3","322.729975","N/A","0xdac17f958d2ee523a2206206994597c13d831ec7","Tether USD","USDT"
