"Transaction Hash","Blockno","UnixTimestamp","DateTime (UTC+9)","From","To","ContractAddress","Value_IN(ETH)","Value_OUT(ETH)","CurrentValue @ $2088.12489794218/Eth","TxnFee(ETH)","TxnFee(USD)","Historical $Price/Eth","Status","ErrCode","Method"
"0xce9c56769a735782f6e47f85570cc0bd874776d22e663d326bd328f32036eaec","24587125","1772663831","2026-03-05 07:37:11","0x545b7b7e9372ea6ddc805c0cdee3025eee1880b1","0xdac17f958d2ee523a2206206994597c13d831ec7","","0","0","0","0.0000109541197","0.0228735700806089","2127.79","","","Transfer"
"0x25a95d3db8f12545eb4a026062de8dc19cc7aace7eb47c7c485eeb615faabfe1","24587804","1772672015","2026-03-05 09:53:35","0xa95586aab312c288246ec38b8c930af1418d9919","0x545b7b7e9372ea6ddc805c0cdee3025eee1880b1","","0.0199968605","0","41.7559422907265","0.0000031395","0.00655566811708947","2073.07","","","Transfer"
"0xa9e5484e20fc1fc88091de697c9fcce27de37fc5f8361745d8aa881580247247","24587841","1772672459","2026-03-05 10:00:59","0x545b7b7e9372ea6ddc805c0cdee3025eee1880b1","0xdac17f958d2ee523a2206206994597c13d831ec7","","0","0","0","0.0000102714625","0.0214480965845294","2073.07","","","Transfer"
"0x2b17d8930fd4d8d3c51e4561832d4e19cde5ddebe31a9c96773b65c16e0b5fae","24588002","1772674391","2026-03-05 10:33:11","0x545b7b7e9372ea6ddc805c0cdee3025eee1880b1","0xdac17f958d2ee523a2206206994597c13d831ec7","","0","0","0","0.0000088429391","0.0184651613056964","2073.07","","","Transfer"
"0x66c0186127ec34a61d7efb5f73e30193abc822d40291c197a1d5ec4b7f9517f2","24588154","1772676215","2026-03-05 11:03:35","0x545b7b7e9372ea6ddc805c0cdee3025eee1880b1","0x49f67939f7dfeee79623c6ce3c3247cb31999f9a","","0","0","0","0.0000075392913","0.0157429818763689","2073.07","","","Flush Tokens"
"0x468bce414594d1d934b79292f6fc80f68d3f1c59eebea975ebb7c511f7f0d933","24588336","1772678399","2026-03-05 11:39:59","0x545b7b7e9372ea6ddc805c0cdee3025eee1880b1","0x6d664128d7abae1a09f0484dfcc8dc640fab973a","","0","0","0","0.0000072722064","0.0151852752468145","2073.07","","","Flush Tokens"
"0x3bc03882b250ab6675893400b45ed3639ce6dd1541458ab8657d57cc7eee602a","24588368","1772678783","2026-03-05 11:46:23","0x545b7b7e9372ea6ddc805c0cdee3025eee1880b1","0xdac17f958d2ee523a2206206994597c13d831ec7","","0","0","0","0.0000098037159","0.0204713832631416","2073.07","","","Transfer"
"0x86564ee37308a2778e1183d3eb6659f959d9e6759954cdfaa8adc4573aec80f4","24588372","1772678831","2026-03-05 11:47:11","0x214f39d863d539bb93418a053e86ca3a895705e6","0x545b7b7e9372ea6ddc805c0cdee3025eee1880b1","","0","0","0","0.000001652797713","0.00345124805577719","2073.07","","","Transfer"
"0xc67b36ea31f43c882765c422a24fe68d271d19964e4a63ddd7d5fca3b861d34f","24588411","1772679299","2026-03-05 11:54:59","0x545b7b7e9372ea6ddc805c0cdee3025eee1880b1","0xe1793ab9ee2ce5b85c73f4fb892a97db69ef1bcd","","0","0","0","0.0000072066066","0.0150482946711344","2073.07","","","Flush Tokens"
"0x173c807c1c2111f693206dd2bd9fcc01fd605eed029e719d5695afd8c46aae10","24589139","1772688071","2026-03-05 14:21:11","0x545b7b7e9372ea6ddc805c0cdee3025eee1880b1","0x75a666dd16871f2091b58fbfefc21688e9f73838","","0","0","0","0.0000071475225","0.0149249196908519","2073.07","","","Flush Tokens"
"0x09550d962f8f3ef2804d293c5f7ddba54aa95e57a4c7f03ecd3cf5fda95c0648","24590409","1772703359","2026-03-05 18:35:59","0x545b7b7e9372ea6ddc805c0cdee3025eee1880b1","0xdac17f958d2ee523a2206206994597c13d831ec7","","0","0","0","0.0000135772932","0.0283510839775811","2073.07","","","Transfer"
"0x02576edbe1d9da589a63b3844826617f3c09483cefd0bc522d683556b5d79779","24590414","1772703419","2026-03-05 18:36:59","0xc1a51aad657ef28ea2f12da0a1f788f80247a1da","0x545b7b7e9372ea6ddc805c0cdee3025eee1880b1","","0","0","0","0.000002439918894","0.00509485539152095","2073.07","","","Transfer"
"0x90c93a19f3e9069828f26a2a71db17c060baae7c82ca92ae3404364c2b2f3bfe","24590425","1772703551","2026-03-05 18:39:11","0x545b7b7e9372ea6ddc805c0cdee3025eee1880b1","0xdac17f958d2ee523a2206206994597c13d831ec7","","0","0","0","0.0000114995846","0.0240125689192525","2073.07","","","Transfer"
"0x66764467bab4c492f8e56f2914b34c1fec3214d331b5b316427bf5b33b0e9482","24590427","1772703575","2026-03-05 18:39:35","0xc1a51aad657ef28ea2f12da0a1f788f80247a1da","0x545b7b7e9372ea6ddc805c0cdee3025eee1880b1","","0","0","0","0.000002771923056","0.00578812154841358","2073.07","","","Transfer"
"0x585fb06bc8b1a2f79bd644581504e01e40172fe39896455d7d3e9b2ea677e67f","24590480","1772704211","2026-03-05 18:50:11","0x545b7b7e9372ea6ddc805c0cdee3025eee1880b1","0xdac17f958d2ee523a2206206994597c13d831ec7","","0","0","0","0.0000103725969","0.0216592778432079","2073.07","","","Transfer"
"0x441780d64e3df71e3dddc933a46caeadde8cf369cd2742801cce9b12b9899d3d","24590485","1772704271","2026-03-05 18:51:11","0x763f51241573b3c6e2ecf699cfa3a951df65a356","0x545b7b7e9372ea6ddc805c0cdee3025eee1880b1","","0","0","0","0.000001933383564","0.00403714635726059","2073.07","","","Transfer"
"0x5b7a503694e65ab6fc5d25da8836e7ea14eace0b1a4d27b7f498bc27b1b97bc9","24590549","1772705039","2026-03-05 19:03:59","0x545b7b7e9372ea6ddc805c0cdee3025eee1880b1","0xdac17f958d2ee523a2206206994597c13d831ec7","","0","0","0","0.0000132144927","0.0275935112205452","2073.07","","","Transfer"
"0x6a3bf495d4b51691a39cbbc6346e3e24407aa8775114aae09de97d205dd6b50a","24590554","1772705099","2026-03-05 19:04:59","0xc1717ff418d04e8b4bb644f3c374b33db4c2113a","0x545b7b7e9372ea6ddc805c0cdee3025eee1880b1","","0","0","0","0.000002365658127","0.00493978963500796","2073.07","","","Transfer"
"0x381eb42fa07d7dc4f23c28994bfc6b2923b063420ee5f8ac3f107a210e40105d","24590639","1772706119","2026-03-05 19:21:59","0x545b7b7e9372ea6ddc805c0cdee3025eee1880b1","0xdac17f958d2ee523a2206206994597c13d831ec7","","0","0","0","0.0000114029036","0.0238106869159945","2073.07","","","Transfer"
"0x2f94655bd48667754d6508650a262e32eabd32008fa1a595d13f705002228e66","24591080","1772711423","2026-03-05 20:50:23","0x545b7b7e9372ea6ddc805c0cdee3025eee1880b1","0xdac17f958d2ee523a2206206994597c13d831ec7","","0","0","0","0.0000080022594","0.0167097170929318","2073.07","","","Transfer"
"0x2fa67e4fb7bf6d5c73704613a1e1c354ba9719d9d31eae41f58e2d714030842c","24591400","1772715275","2026-03-05 21:54:35","0x545b7b7e9372ea6ddc805c0cdee3025eee1880b1","0xdac17f958d2ee523a2206206994597c13d831ec7","","0","0","0","0.0000093847545","0.0195965395325249","2073.07","","","Transfer"
"0x9dfbd52d51d15e346895a0d16824713ac9d44d5f535f05d9ab12aac9de4fbc1f","24591453","1772715911","2026-03-05 22:05:11","0x545b7b7e9372ea6ddc805c0cdee3025eee1880b1","0xdac17f958d2ee523a2206206994597c13d831ec7","","0","0","0","0.00000758364","0.0158355875010302","2073.07","","","Transfer"
"0xbcec11fc9c6feb11a0dad329f7b4922afc48b6c8fbd2d8561dae2c142704d5ef","24591649","1772718263","2026-03-05 22:44:23","0xdae90beb40187ac6eeba859574218533253adef2","0x545b7b7e9372ea6ddc805c0cdee3025eee1880b1","","0","0","0","0.000003216932103","0.0067173560192638","2073.07","","","Transfer"
"0x0446e16bf4791e3303d40b1bb27507c4156a40d2e72f5f1889f73bf93c0dcf8c","24591741","1772719367","2026-03-05 23:02:47","0x2a23209602255f1c96f8c282355456828a999a0f","0x545b7b7e9372ea6ddc805c0cdee3025eee1880b1","","0","0","0","0.000003566993724","0.0074483284058879","2073.07","","","Transfer"
"0x503fcb34d47d5cc8c5508d187fbf6c1a0dbe650e1eaeb582db25e423f352098a","24591750","1772719475","2026-03-05 23:04:35","0x545b7b7e9372ea6ddc805c0cdee3025eee1880b1","0xdac17f958d2ee523a2206206994597c13d831ec7","","0","0","0","0.0000181978711","0.0379994277334524","2073.07","","","Transfer"
"0xcadbafac5f1252bf623587d902da0ef7b2754f517c4acb54c64675d4f7c87bc2","24591967","1772722091","2026-03-05 23:48:11","0x545b7b7e9372ea6ddc805c0cdee3025eee1880b1","0xdac17f958d2ee523a2206206994597c13d831ec7","","0","0","0","0.0000282670648","0.059025161800625","2073.07","","","Transfer"
