"Transaction Hash","Blockno","UnixTimestamp","DateTime (UTC+9)","From","To","ContractAddress","Value_IN(POL)","Value_OUT(POL)","CurrentValue @ $0.0986087789505012/POL","TxnFee(POL)","TxnFee(USD)","Historical $Price/POL","Status","ErrCode","Method"
"0x67c597b4ebd4a5a1bf86581cd9247e5a12558a132f672defa5c4272ea46ee23f","83801664","1772723359","2026-03-06 00:09:19","0xc8f7787d062a91a5367dde72b35eeb5da807102d","0xc2132d05d31c914a87c6611c10748aeb04b58e8f","","0","0","0","0.0282953388048","0.00279016880953206","0.10","","","Transfer"
"0xa589307f61631a35cb8fe3d107500ed9b8a58cc6790d7a6819402e882eb716b3","83801914","1772723859","2026-03-06 00:17:39","0xc8f7787d062a91a5367dde72b35eeb5da807102d","0x8eb382dcdbc9bf29f7b98e5bcc5140e16d7c402c","","0","0","0","0.0225272290085","0.00222138254566649","0.10","","","Flush Tokens"
"0x656f9a2cf7fab5d9819924298d291c27d0b12c438c01fc37b391aec9bd70c46c","83803584","1772727199","2026-03-06 01:13:19","0xc8f7787d062a91a5367dde72b35eeb5da807102d","0x451afb78ab4d0c8c9a35e3dfab1868b2d0a223a0","","0","0","0","0.007576901784","0.000747149033148114","0.10","","","Flush Tokens"
"0x8fb6907d2b9fee3b302b5e31bcbeadcad195df32dd8f2923c65ec8bd72bb7496","83803733","1772727497","2026-03-06 01:18:17","0xc8f7787d062a91a5367dde72b35eeb5da807102d","0xd6d343b1d8b8e2b61b2f7cc14999ab366a014e53","","0","0","0","0.0078804296593","0.000777079546308887","0.10","","","Flush Tokens"
"0x567b746d797d5ddbcfac58031d7cbd1a66845a1d82c3fa12b623d62e9f4799a6","83804309","1772728649","2026-03-06 01:37:29","0xc8f7787d062a91a5367dde72b35eeb5da807102d","0xd9541c524b54481629de6f141c1d9147fc27a5ef","","0","0","0","0.0078055047979","0.000769691297213198","0.10","","","Flush Tokens"
"0x12050753b492f9f6d82efd5d8b5ab7785ba75c580deb293cbb1464dfd9af5487","83804674","1772729379","2026-03-06 01:49:39","0xc8f7787d062a91a5367dde72b35eeb5da807102d","0x279f9fa5d983207c38e20a13283a06cad73b7a0f","","0","0","0","0.0081037505952","0.000799100951112069","0.10","","","Flush Tokens"
"0x28397d8faa0d984dea3fafef2bdcd2a14f54006f939e8719d904395d55f323cf","83810575","1772741181","2026-03-06 05:06:21","0xc64244d30e198946c9421703da2d47ce42b3c61d","0xc8f7787d062a91a5367dde72b35eeb5da807102d","","0.0000000000000001","0","0.0000000000000000098608778951","0.006477179481738","0.000638706759737424","0.10","","","Transfer"
"0x6b09040bff6cce2dd2e9cf32305f82de2fdbb9769314f7385d7b64448a5d1b68","83811007","1772742045","2026-03-06 05:20:45","0xc8f7787d062a91a5367dde72b35eeb5da807102d","0x98965474ecbec2f532f1f780ee37b0b05f77ca55","","0","0","0","0.008688030917","0.000856716120209573","0.10","","","Transfer"
"0x1e5183d3dedba17b289850373d0ccfc50c9e9889fd2bc56625a95b3bb52d7c69","83811559","1772743149","2026-03-06 05:39:09","0xc8f7787d062a91a5367dde72b35eeb5da807102d","0xd94528c2b7d1016f2be9af6c830b397a71462494","","0","0","0","0.0082472249707","0.00081324878409081","0.10","","","Flush Tokens"
"0xb80f6d6d841bbf9119bde113e44836a9eee2d39227f3effdc1245c87064c9694","83811657","1772743345","2026-03-06 05:42:25","0xc8f7787d062a91a5367dde72b35eeb5da807102d","0xddd3f12f01759854e7bfe442550761557acc812f","","0","0","0","0.0113393882699","0.00111816323134048","0.10","","","Flush Tokens"
"0xbca6750d17171846509a3e59618e2f2b20add77183dd02d16b0236a209b44ee0","83813051","1772746133","2026-03-06 06:28:53","0xc8f7787d062a91a5367dde72b35eeb5da807102d","0x98965474ecbec2f532f1f780ee37b0b05f77ca55","","0","0","0","0.009812362976","0.000967585131682466","0.10","","","Transfer"
"0x466435ac0b701a4ac9043fd38178d39f799818b74e60263058c283ababb532e1","83813789","1772747609","2026-03-06 06:53:29","0xc8f7787d062a91a5367dde72b35eeb5da807102d","0x18df914d0fa4ac54dc63c055ccb86092ea39c4e6","","0","0","0","0.0378482863824","0.00373217330553735","0.10","","","Flush Tokens"
"0xc89fb535cd181ddbd91789be6d4130ed5724fc5694c953af4a1ab8c93b04bb89","83814114","1772748259","2026-03-06 07:04:19","0xc8f7787d062a91a5367dde72b35eeb5da807102d","0x95d8e9a318c4a293da9994c7f8a2ae4d904b3e83","","0","0","0","0.0113532979765","0.00111953485052386","0.10","","","Flush Tokens"
"0x63ebb51eef96be58532767de16ede863590fc39709703ca8c7efd59df1fe3bb8","83814729","1772749489","2026-03-06 07:24:49","0xc8f7787d062a91a5367dde72b35eeb5da807102d","0x95d8e9a318c4a293da9994c7f8a2ae4d904b3e83","","0","0","0","0.0061226446433","0.00060374651222364","0.10","","","Flush Tokens"
"0x2761a10395c6af930f22615243998faad9996aafc01de16afc5a7caeca098151","83814772","1772749575","2026-03-06 07:26:15","0xc8f7787d062a91a5367dde72b35eeb5da807102d","0x18df914d0fa4ac54dc63c055ccb86092ea39c4e6","","0","0","0","0.0061165424906","0.000603144786396923","0.10","","","Flush Tokens"
"0x082f3cd62aa0843260b5424b2e9d77d9ff9574a2ceb8c2daddde7a5f34dd2486","83814975","1772749981","2026-03-06 07:33:01","0x854b07b1c06ff45402c096f81c25285505b86c20","0xc8f7787d062a91a5367dde72b35eeb5da807102d","","9.9954302551","0","0.985637172540308","0.0045697449","0.00045061696470428","0.10","","","Transfer"
"0xbd0400221305cf850d7654907476e41932a1a10f0a47309517febb8718412088","83815073","1772750177","2026-03-06 07:36:17","0xc8f7787d062a91a5367dde72b35eeb5da807102d","0xd6d343b1d8b8e2b61b2f7cc14999ab366a014e53","","0","0","0","0.0064666359066","0.000637667070667293","0.10","","","Flush Tokens"
"0x8fe02b3e07bdfb4c98a66c615119a996ebd13c7d594e0569b13c916f79149743","83815699","1772751429","2026-03-06 07:57:09","0xc8f7787d062a91a5367dde72b35eeb5da807102d","0xfd8ef8f24a912c4ea7638fd7f6c6a5b045ea87db","","0","0","0","0.0106027997999","0.00104552914172476","0.10","","","Flush Tokens"
"0xb9ab6856b49c21de83d0ad05c6e9a48bfda4c14bb275c901d0ddae04a798ceef","83816062","1772752155","2026-03-06 08:09:15","0xc8f7787d062a91a5367dde72b35eeb5da807102d","0x71878f5e3b6e3a5fc1b1ad99b5827b906d13f8c8","","0","0","0","0.0073507743504","0.000724850883033608","0.10","","","Flush Tokens"
"0xa6aef447968cb1ec187d978924a471acf19894067191ce16361d0a0d0d1b1af4","83816147","1772752325","2026-03-06 08:12:05","0xc8f7787d062a91a5367dde72b35eeb5da807102d","0xe735a244f660de423ecea7a5e76f4f815bbdae0c","","0","0","0","0.0090939976992","0.000896748008896779","0.10","","","Flush Tokens"
"0xe05219bf9e4f9bac8462b308b2317c282b28ac01991eef3ae5e3890f54df32ea","83816232","1772752495","2026-03-06 08:14:55","0xc8f7787d062a91a5367dde72b35eeb5da807102d","0x050dd0258c374d09aa97a311538ea40c447b309a","","0","0","0","0.008010418104","0.000789897548118429","0.10","","","Flush Tokens"
"0xf0e1d134997372b2fa42f7bc32821b7d6538f19ad2ed7e6ea9fc97fc5be80897","83816487","1772753005","2026-03-06 08:23:25","0xc8f7787d062a91a5367dde72b35eeb5da807102d","0x98965474ecbec2f532f1f780ee37b0b05f77ca55","","0","0","0","0.0095821633018","0.000944885422894801","0.10","","","Transfer"
"0xcd28360233649fd9d9919adbb14c517bef43ec606736effa0b28855c11a573f8","83816642","1772753315","2026-03-06 08:28:35","0xc8f7787d062a91a5367dde72b35eeb5da807102d","0x33b7f87680f54866241436cddf4176d87d04fea8","","0","0","0","0.010141029247","0.000999994511347991","0.10","","","Flush Tokens"
"0x4defa18b227bed912f4c675eaa8568948288194bc300293f297162652e685033","83816707","1772753445","2026-03-06 08:30:45","0xc8f7787d062a91a5367dde72b35eeb5da807102d","0x115f6d4ef5b535a6c9033d3847874cd8bb59ebbb","","0","0","0","0.0153265495968","0.00151133234126474","0.10","","","Flush Tokens"
"0x4771e8f9afe14eaf5a01c67716ed295f7391a091ea74ebd16b18d0a4406378c8","83816939","1772753909","2026-03-06 08:38:29","0xc8f7787d062a91a5367dde72b35eeb5da807102d","0x7393e3bfe347b17a86ae63d366a466d44507cfe5","","0","0","0","0.00709573644","0.000699701906102976","0.10","","","Flush Tokens"
"0x11d2cd5f12e21d403a6dc733999cfbb2f2789c9b9754cc5a495e1256e4e06ac8","83816974","1772753979","2026-03-06 08:39:39","0xc8f7787d062a91a5367dde72b35eeb5da807102d","0x66f6e19db68a3e3ba545da176f66d1916432318f","","0","9.9","0.976226911609962","0.0041643378","0.000410640265595416","0.10","","","Transfer"
"0xef865068fc79c9e9a9717c5cf6195793c147d85bced691c402d7adaa506778d3","83816998","1772754027","2026-03-06 08:40:27","0xc8f7787d062a91a5367dde72b35eeb5da807102d","0x3f6c9d336738e0f3afe3ee227cf27b4e1175b234","","0","0","0","0.0056791846937","0.000560017468080133","0.10","","","Flush Tokens"
"0xa64bdff64d4b9ea649b18054b860228f1b27fbaa6a0839e40ed27509d92c2d3e","83817564","1772755159","2026-03-06 08:59:19","0xc8f7787d062a91a5367dde72b35eeb5da807102d","0x4cd8dd0e1e23a57fa0c76669ec34ba3407326b14","","0","0","0","0.0207868875441","0.00204976959890508","0.10","","","Flush Tokens"
"0x5820f960c8d94023844be97f383e0a17faea4d383d2695210f01308ffb2dcbc4","83817679","1772755389","2026-03-06 09:03:09","0xc8f7787d062a91a5367dde72b35eeb5da807102d","0xb96e3847b7c2acc31d5f2de375038310ab2180b0","","0","0","0","0.0301979025504","0.00297777829736117","0.10","","","Flush Tokens"
"0xc56d2f40a649e0fa5a37752f334f5c2ea9296ac5e15278b04c1902ce65fe1e06","83817959","1772755949","2026-03-06 09:12:29","0xc8f7787d062a91a5367dde72b35eeb5da807102d","0x7ba30ee589acab77a6adf4287d79290a2f158216","","0","0","0","0.0311537586672","0.00307203410189119","0.10","","","Flush Tokens"
"0x4241a444b37c78aaf38334fac38173899a21dae4c812728a8bfd05298750b380","83817984","1772755999","2026-03-06 09:13:19","0xc8f7787d062a91a5367dde72b35eeb5da807102d","0x7ba30ee589acab77a6adf4287d79290a2f158216","","0","0","0","0.0261414065926","0.00257777218414487","0.10","","","Flush Tokens"
"0xd890870c304defb28edde26cbbbb20a11ee80f2e1cdef91d20d40cf26c2423d4","83818067","1772756165","2026-03-06 09:16:05","0xc8f7787d062a91a5367dde72b35eeb5da807102d","0xc2132d05d31c914a87c6611c10748aeb04b58e8f","","0","0","0","0.038778941642","0.00382394408431036","0.10","","","Transfer"
"0x97738b0ef3711dd00885b8b254d44775e6e3a7e852145bf7359155fa76883af4","83818302","1772756635","2026-03-06 09:23:55","0xc8f7787d062a91a5367dde72b35eeb5da807102d","0x98965474ecbec2f532f1f780ee37b0b05f77ca55","","0","0","0","0.0224725012295","0.00221598590620463","0.10","","","Transfer"
"0xb3cf79a6b825fe6dd8d742f1a6cd24d714fe95f5b580f6891911c7f7176b41df","83818434","1772756899","2026-03-06 09:28:19","0xc8f7787d062a91a5367dde72b35eeb5da807102d","0xc2132d05d31c914a87c6611c10748aeb04b58e8f","","0","0","0","0.0265536135004","0.00261841940399799","0.10","","","Transfer"
"0x546bdbb782d9d1a8ce2609a77a2a12d7dc047529f839b1bb13439f71307caec2","83818529","1772757089","2026-03-06 09:31:29","0xc8f7787d062a91a5367dde72b35eeb5da807102d","0x542a591e5340acceb37a35ae3297f07778d5922d","","0","0","0","0.0139125486795","0.0013718994373749","0.10","","","Flush Tokens"
"0xafe57d6b0f49f7564c51a70e19e3be001c14f52b535e340c6ae3cae2e2436d26","83818752","1772757535","2026-03-06 09:38:55","0xc8f7787d062a91a5367dde72b35eeb5da807102d","0xc2132d05d31c914a87c6611c10748aeb04b58e8f","","0","0","0","0.0162460923912","0.00160200733341326","0.10","","","Transfer"
"0xd87089074023ab4aa4c9a2afe490888759e12fa167eb135b54dc832ef8e90fa9","83819537","1772759105","2026-03-06 10:05:05","0xc8f7787d062a91a5367dde72b35eeb5da807102d","0x67c561e9039d30cff151541d187b5ae9ab48a48b","","0","0","0","0.0109013098896","0.00107496485717448","0.10","","","Flush Tokens"
"0xddb22e31f6d9d3de8e21f280eb392c87603ad865e2a4d092349ffe19a44e3186","83819694","1772759419","2026-03-06 10:10:19","0xc8f7787d062a91a5367dde72b35eeb5da807102d","0x98965474ecbec2f532f1f780ee37b0b05f77ca55","","0","0","0","0.020246922526","0.00199652430779426","0.10","","","Transfer"
"0x9c2c081a5b4df3b62bc833971e9d077fde5c71119d7ed9c294b99c5e2d0b9c47","83819728","1772759487","2026-03-06 10:11:27","0xc8f7787d062a91a5367dde72b35eeb5da807102d","0xc2132d05d31c914a87c6611c10748aeb04b58e8f","","0","0","0","0.0147515378536","0.00145463113538559","0.10","","","Transfer"
"0xc1343136a2415faf652dff3f96197263ce5633543c4f66901e0b7a1a02b9e965","83819819","1772759669","2026-03-06 10:14:29","0xc8f7787d062a91a5367dde72b35eeb5da807102d","0x2acc95e8befc2d5fe886777db625d899f979e05b","","0","0","0","0.0112653410164","0.0011108615220882","0.10","","","Flush Tokens"
"0xa7f6e91aefb93173525fec9a2ef060730bb413a2722563a99746aded571952c8","83819954","1772759939","2026-03-06 10:18:59","0xc8f7787d062a91a5367dde72b35eeb5da807102d","0xc2132d05d31c914a87c6611c10748aeb04b58e8f","","0","0","0","0.0123137730156","0.00121424612134195","0.10","","","Transfer"
"0xeb75ac6534eccc88a0120420f14e9f98e222f809a1d3539b373dd4479b442af6","83820112","1772760255","2026-03-06 10:24:15","0xc8f7787d062a91a5367dde72b35eeb5da807102d","0x2acc95e8befc2d5fe886777db625d899f979e05b","","0","0","0","0.0057426560245","0.000566276298508684","0.10","","","Flush Tokens"
"0xbd324155f4390189eb8fa2b7cfacd5c39607198f5312855a251364d624b070eb","83820160","1772760351","2026-03-06 10:25:51","0xc8f7787d062a91a5367dde72b35eeb5da807102d","0xa73f5772a53db72b86d10f2172d8e1b7b4508801","","0","4.9","0.483183016857456","0.0071660946","0.00070663983834978","0.10","","","Transfer"
"0xefd009a9398423ac66caeded0f3c043506666c8407ccade98a34a4852e03459f","83820312","1772760655","2026-03-06 10:30:55","0xc8f7787d062a91a5367dde72b35eeb5da807102d","0x98965474ecbec2f532f1f780ee37b0b05f77ca55","","0","0","0","0.0154321397109","0.00152174445348539","0.10","","","Transfer"
"0x44ce7e0cff30c88e4b50cca0b767eb4d9eb787c8fc6caca019541a9b0a9e1ba5","83820454","1772760939","2026-03-06 10:35:39","0xc8f7787d062a91a5367dde72b35eeb5da807102d","0x4276ee648690ef7725c31cdf7cb22d0b16ae14d9","","0","0","0","0.0128241257928","0.00126457138553564","0.10","","","Flush Tokens"
"0x283ee1b68358dfb28d61846515f9615b280a3986ea555728e576809f3ff739bc","83820533","1772761097","2026-03-06 10:38:17","0xc8f7787d062a91a5367dde72b35eeb5da807102d","0xc2132d05d31c914a87c6611c10748aeb04b58e8f","","0","0","0","0.0105378242312","0.00103912198023364","0.10","","","Transfer"
"0x0ccaa5064c900970b7dc69b02557e71cd964e03ab7291784219c5c842544fcb7","83820599","1772761229","2026-03-06 10:40:29","0xc8f7787d062a91a5367dde72b35eeb5da807102d","0xc2132d05d31c914a87c6611c10748aeb04b58e8f","","0","0","0","0.0122721377128","0.0012101405149716","0.10","","","Transfer"
"0xe797866c9e22ff9969f2864d04f05559459f73185af49951f1c142e103a6f902","83820664","1772761359","2026-03-06 10:42:39","0xc8f7787d062a91a5367dde72b35eeb5da807102d","0x4cd8dd0e1e23a57fa0c76669ec34ba3407326b14","","0","0","0","0.007877907746","0.000776830863517755","0.10","","","Flush Tokens"
"0x6515717cd6b8d8f7c8b8c512e85077af0e333a3c0b89b0661509cd972532ad46","83820674","1772761379","2026-03-06 10:42:59","0xc8f7787d062a91a5367dde72b35eeb5da807102d","0xc2132d05d31c914a87c6611c10748aeb04b58e8f","","0","0","0","0.016448382072","0.00162195487183123","0.10","","","Transfer"
"0x718cbcf2f2313bf5f86455bd079f07a6bb0376852d0e492f22415ac0facddf39","83820733","1772761497","2026-03-06 10:44:57","0xc8f7787d062a91a5367dde72b35eeb5da807102d","0x98965474ecbec2f532f1f780ee37b0b05f77ca55","","0","0","0","0.0092371834525","0.0009108673811928","0.10","","","Transfer"
"0xea7be5d4866028316aac94454138fd9b6f9ec659e92aa03c33a145fefd4c638d","83820870","1772761771","2026-03-06 10:49:31","0x769efe3cd4e44759e7b1e26a56977c3da1e0900b","0xc8f7787d062a91a5367dde72b35eeb5da807102d","","19.9921874036","0","1.97140518841859","0.0078125964","0.000770390591437081","0.10","","","Transfer"
"0xd9dbb851ad0c3ab1b46decd8445e4857d820d37007904681dbd4ef173823cb91","83820884","1772761799","2026-03-06 10:49:59","0xc8f7787d062a91a5367dde72b35eeb5da807102d","0x4c7b182226819922eb3e0b782fefab7b4ef4cc16","","0","0","0","0.0120675416232","0.0011899655443981","0.10","","","Flush Tokens"
"0x32c322e9dc81707884eb49d7f5c31e8bc9b982dd185648e64d7c4c84ec240dd6","83820943","1772761917","2026-03-06 10:51:57","0xc8f7787d062a91a5367dde72b35eeb5da807102d","0xc2132d05d31c914a87c6611c10748aeb04b58e8f","","0","0","0","0.0160065379488","0.00157838516235603","0.10","","","Transfer"
"0x808d8c9c3862fc9052c2458482a3262f319fcb470c154049ac8e7fff1b362b80","83820994","1772762019","2026-03-06 10:53:39","0xc8f7787d062a91a5367dde72b35eeb5da807102d","0x89cbfbf2db2bf4642b8f738af4ccc7dcd1230f71","","0","0","0","0.0109892887113","0.00108364034135582","0.10","","","Flush Tokens"
"0xadf446715d3e95d7e7e96889b8d0727eff5f74571ecab1d788880fd20b314983","83821104","1772762239","2026-03-06 10:57:19","0xc8f7787d062a91a5367dde72b35eeb5da807102d","0x75df5cd3b886bc7a134c7330fd57a743a772d509","","0","0","0","0.0113431501557","0.00111853418630576","0.10","","","Flush Tokens"
"0x37c62496cae556eeb453958c9ec876058ec2f98819e1779b54500a55c313c31e","83821232","1772762495","2026-03-06 11:01:35","0xc8f7787d062a91a5367dde72b35eeb5da807102d","0xc2132d05d31c914a87c6611c10748aeb04b58e8f","","0","0","0","0.0214125858416","0.00211146894401297","0.10","","","Transfer"
"0x333e00ca0879ba8459481ccbfc99583bed40464c822c25a9a55556f2a3b6567d","83821264","1772762559","2026-03-06 11:02:39","0xc8f7787d062a91a5367dde72b35eeb5da807102d","0xe5fae2599a7d61b7b77502e00cdc5fdb71405a4e","","0","0","0","0.0110859598512","0.00109317296442111","0.10","","","Flush Tokens"
"0xc211e920f0c31d44069e8cc1c5b50b982d2ece85503f50d5eea8a2e990cc3a52","83821307","1772762645","2026-03-06 11:04:05","0xc8f7787d062a91a5367dde72b35eeb5da807102d","0x017c75063c3fd3b59c64e2a11f92bf125e730b6b","","0","0","0","0.010635305616","0.00104873450055917","0.10","","","Flush Tokens"
"0x28354733e334cec1137596f45f8838589d7bd9ac7b723a238fcc76322685b254","83821450","1772762931","2026-03-06 11:08:51","0xc8f7787d062a91a5367dde72b35eeb5da807102d","0xc2132d05d31c914a87c6611c10748aeb04b58e8f","","0","0","0","0.0120391983264","0.00118717064650922","0.10","","","Transfer"
"0xe4a17894a8e213c6793193acbffb0395506f17048c2f689b19bfc4f78ff7bc1a","83821604","1772763239","2026-03-06 11:13:59","0xc8f7787d062a91a5367dde72b35eeb5da807102d","0x58d2c21c4847851c814c391daaf4074297f397c9","","0","0","0","0.0075745584976","0.000746917964537479","0.10","","","Flush Tokens"
"0x00ca99ce8617da2d16019fe3d749cb42e944958ef87c3b1cb387114e85927d94","83821692","1772763415","2026-03-06 11:16:55","0xc8f7787d062a91a5367dde72b35eeb5da807102d","0x98965474ecbec2f532f1f780ee37b0b05f77ca55","","0","0","0","0.009466988551","0.000933528181352485","0.10","","","Transfer"
"0x40909c9e32000224bef51c89210cd59c776614930c314f0df1799c25988b9afc","83821719","1772763469","2026-03-06 11:17:49","0xc8f7787d062a91a5367dde72b35eeb5da807102d","0xa5a5683c5ac4aa7510fe1ba12d64498cb7c310d7","","0","0","0","0.0080116193664","0.000790016003136892","0.10","","","Flush Tokens"
"0x34d400c21a837be4d6fbf8f363acb5f085d4c0251fbf65a1a268124f29ea0999","83821762","1772763555","2026-03-06 11:19:15","0xc8f7787d062a91a5367dde72b35eeb5da807102d","0x21c10151fdb5d355b3d70b339de676273d7cd2e2","","0","0","0","0.0086581482624","0.000853769428127668","0.10","","","Flush Tokens"
"0x6526e5207b41409a460c44c8dfdf0a4a7ea40f3e3182bc74b7ee48b93a909151","83822064","1772764159","2026-03-06 11:29:19","0xc8f7787d062a91a5367dde72b35eeb5da807102d","0x5805747dde3594e22aa3b72655084c8b2640285c","","0","0","0","0.0090649801008","0.000893886618950479","0.10","","","Flush Tokens"
"0x5702965726e9f96c46a89c613f7d71580cc71a1c35f2d588cb97fb67fd8b0cbf","83822226","1772764483","2026-03-06 11:34:43","0xc8f7787d062a91a5367dde72b35eeb5da807102d","0x98965474ecbec2f532f1f780ee37b0b05f77ca55","","0","0","0","0.0091766621625","0.000904899450685391","0.10","","","Transfer"
"0x50a40fd788488fbc6afbb2de1cc11471d592f0cf8bf033c9e52bdb35a591bc2c","83822234","1772764499","2026-03-06 11:34:59","0xc8f7787d062a91a5367dde72b35eeb5da807102d","0x2399e0c5b69e31afe2bf4bc5e831b73f1c815327","","0","0","0","0.0067595806801","0.000666553997082059","0.10","","","Flush Tokens"
"0xae16b00bce9e1d1f255736c0326f69fa657d405edd2f7242a67755089f5e2132","83822424","1772764879","2026-03-06 11:41:19","0xc8f7787d062a91a5367dde72b35eeb5da807102d","0x533ed039fd30573220c63f2b88b50b20b3db7bb9","","0","0","0","0.0077972942723","0.00076888166730924","0.10","","","Flush Tokens"
"0x380155308da3a41c7039500b9f3ebfc1a29023186a92433fbfe5617f104187c6","83822527","1772765085","2026-03-06 11:44:45","0xc8f7787d062a91a5367dde72b35eeb5da807102d","0x7b67d666dd130754e4dbeefd990e98cd016ac3b5","","0","0","0","0.0090990632304","0.000897247514743147","0.10","","","Flush Tokens"
"0x091fbb07d50c61262a950d5aa4c0835b4223074d5d49594984a947e9449801a8","83822564","1772765159","2026-03-06 11:45:59","0xc8f7787d062a91a5367dde72b35eeb5da807102d","0x263b0ee00115be1444c18bc9729210fba293b368","","0","0","0","0.00953604288","0.000940337544416421","0.10","","","Flush Tokens"
"0x9ad6b967b9ad0e2e0fb7c0449e1b492d9cd646e55d1b712864127a3d58d21811","83822579","1772765189","2026-03-06 11:46:29","0xc8f7787d062a91a5367dde72b35eeb5da807102d","0x0a9b04756a1bcef6aaf29d547c3314a4555154b3","","0","0","0","0.0084654372389","0.000834766429410031","0.10","","","Flush Tokens"
"0xad78dbaa15693a07402ed81d929052628a008f30aa1c4eac237f5e2eb166cfc7","83822823","1772765677","2026-03-06 11:54:37","0xc8f7787d062a91a5367dde72b35eeb5da807102d","0x98965474ecbec2f532f1f780ee37b0b05f77ca55","","0","0","0","0.0082518573256","0.000813705574951164","0.10","","","Transfer"
"0xa47953577c184525a3a00a5a7f47b64f58824b1ad6c52697ea11ee7f66c1b767","83822862","1772765755","2026-03-06 11:55:55","0xc8f7787d062a91a5367dde72b35eeb5da807102d","0xddd3f12f01759854e7bfe442550761557acc812f","","0","0","0","0.0060311384881","0.000594723201992913","0.10","","","Flush Tokens"
"0xe42dcdb231d0392ea6d8a84d429cac15b9e7a37a2297761e62a3e0995ba61351","83822882","1772765795","2026-03-06 11:56:35","0xc8f7787d062a91a5367dde72b35eeb5da807102d","0x7b67d666dd130754e4dbeefd990e98cd016ac3b5","","0","0","0","0.0067476975696","0.000665382218065521","0.10","","","Flush Tokens"
"0xe96774fb61af175af411014031c131484bcf9e7bc2609fce775073e67d565909","83822929","1772765889","2026-03-06 11:58:09","0xc8f7787d062a91a5367dde72b35eeb5da807102d","0x75516880e6885f5dac5b3f1fab6cb62be1a29afe","","0","0","0","0.0058987170557","0.000581665286237073","0.10","","","Flush Tokens"
"0x5fd6f4e42691a451a24843827171d5ebe91116667421807d0b7c6396049fe468","83823007","1772766045","2026-03-06 12:00:45","0xc8f7787d062a91a5367dde72b35eeb5da807102d","0xd69cf8dce905df6a1f33b40542dfbe8a39f8cd2b","","0","0","0","0.0115411478832","0.00113805850044951","0.10","","","Flush Tokens"
"0x664bc8adc620c3996747ccc7cc0de85f842cdbe0c6c923b2de79d3ead98f8c54","83823114","1772766259","2026-03-06 12:04:19","0xc8f7787d062a91a5367dde72b35eeb5da807102d","0xc7082890c721ca44a1d35e4ac9cecf732f8337a1","","0","0","0","0.009047449808","0.000892157978182826","0.10","","","Flush Tokens"
"0x1c8eba80b67866ee0e453720d23a4fb5b05edca80e3a02acd0f124cdf36fc383","83823174","1772766379","2026-03-06 12:06:19","0xc8f7787d062a91a5367dde72b35eeb5da807102d","0x98965474ecbec2f532f1f780ee37b0b05f77ca55","","0","0","0","0.0190260184273","0.00187613244540579","0.10","","","Transfer"
"0xf934a20c579b1537c9b26a8f0cd9d64f4ac7ddca88df23088fbfa401b41655ba","83823294","1772766619","2026-03-06 12:10:19","0xc8f7787d062a91a5367dde72b35eeb5da807102d","0x9c8ff3748133b6f47bda014ebfa9dccb63229caa","","0","0","0","0.0104764548096","0.00103307041650476","0.10","","","Flush Tokens"
"0xe6e8c1af3f42549d7657837fe14ddf02076334e203aee9100e26f6d1428a7176","83823366","1772766763","2026-03-06 12:12:43","0xc8f7787d062a91a5367dde72b35eeb5da807102d","0x130f711247d35590cb386d4c04752cdf479e04e1","","0","0","0","0.0086758341034","0.00085551340731339","0.10","","","Flush Tokens"
"0x00f9eb08e9b3bff66143c8f41420cb12a927dedea80605e9a3fb9a268fad0c01","83823454","1772766939","2026-03-06 12:15:39","0xc8f7787d062a91a5367dde72b35eeb5da807102d","0xd19df73c763c1e49e75a40b0c8c070af9d7a35c7","","0","0","0","0.0081573822863","0.000804389506684491","0.10","","","Flush Tokens"
"0x7ef97d35f6e5a6708f81f8dac005931e4a7c5f42ace26a592257b637577cb2af","83823649","1772767329","2026-03-06 12:22:09","0xc8f7787d062a91a5367dde72b35eeb5da807102d","0xa424d0dcc67c6421a504ad195f407cab55c3f3a8","","0","0","0","0.0066603034712","0.000656764392734817","0.10","","","Flush Tokens"
"0x62597efdf29c879cebdd6e2703ae211d1fd521880788ef3057948940060614c1","83823755","1772767541","2026-03-06 12:25:41","0xc8f7787d062a91a5367dde72b35eeb5da807102d","0x98965474ecbec2f532f1f780ee37b0b05f77ca55","","0","0","0","0.0086085940242","0.000848882945206943","0.10","","","Transfer"
"0xf103f2fde3a50565d75e75700b4cc7c908c9a6af4e0b2fccac0870d799b6713e","83823774","1772767579","2026-03-06 12:26:19","0xc8f7787d062a91a5367dde72b35eeb5da807102d","0xe5fae2599a7d61b7b77502e00cdc5fdb71405a4e","","0","0","0","0.007402613976","0.000729962725215275","0.10","","","Flush Tokens"
"0xad2ba34c924f28868f1b7c982f115999470e5186cbfcf065617734cd75db1a3d","83823834","1772767699","2026-03-06 12:28:19","0xc8f7787d062a91a5367dde72b35eeb5da807102d","0x0ef5486ce0966f08dc7f94a9496535a098aba2fb","","0","0","0","0.007797526002","0.000768904517892003","0.10","","","Flush Tokens"
"0x78c758e72dcb26ff9222dc49de1d18aaac3fd6825d0a88f4fbd089a50a5a8602","83823854","1772767739","2026-03-06 12:28:59","0xc8f7787d062a91a5367dde72b35eeb5da807102d","0x7a22ccb0be369f03864b7a0dcdc20b723bb533bd","","0","0","0","0.0078471222277","0.000773795141148834","0.10","","","Flush Tokens"
"0x0c980a056a58edc8cfd2224a1d753f33aae3cef613167f910831c6f1cb90d6a4","83823869","1772767769","2026-03-06 12:29:29","0xc8f7787d062a91a5367dde72b35eeb5da807102d","0x369d95f5d5bc0fb9db63db69e4b0c63a0251e324","","0","0","0","0.007017207725","0.000691958285404274","0.10","","","Flush Tokens"
"0xaa69f880221c2709d25a462eb65c41ea8bce3cc6438f84e1121ac45454acf703","83823884","1772767799","2026-03-06 12:29:59","0xc8f7787d062a91a5367dde72b35eeb5da807102d","0xf356fb3a07147ca062514d3d38e311f4e51c4fd7","","0","0","0","0.0072589836777","0.000715799516879616","0.10","","","Flush Tokens"
"0x0bc4e0ef5e0860b08a83124b61caebd43eabbdb6c15bafd8bda653e630a7b43b","83823896","1772767823","2026-03-06 12:30:23","0xc8f7787d062a91a5367dde72b35eeb5da807102d","0xc2132d05d31c914a87c6611c10748aeb04b58e8f","","0","0","0","0.0162094013056","0.00159838927026388","0.10","","","Transfer"
"0x14036e7906382f9b9aa1be147b199768829c34d7415579f07f5b6f20ba13b9f5","83823899","1772767829","2026-03-06 12:30:29","0xc8f7787d062a91a5367dde72b35eeb5da807102d","0xfcbc7c5818efffb6675826f0c72124f6725bba20","","0","0","0","0.0125180756064","0.00123439215035716","0.10","","","Flush Tokens"
"0x8be5524672dd4c75db6004fd6e751d058b625286ef0e1964b9801b69850c6d5e","83823909","1772767849","2026-03-06 12:30:49","0xc8f7787d062a91a5367dde72b35eeb5da807102d","0xc7082890c721ca44a1d35e4ac9cecf732f8337a1","","0","0","0","0.0114468309332","0.00112875802117568","0.10","","","Flush Tokens"
"0x6114102ffe7edc4ef7f6ff04fd4d6e584d81a12c17ab9f6760954298edbd0c38","83823934","1772767899","2026-03-06 12:31:39","0xc8f7787d062a91a5367dde72b35eeb5da807102d","0x98965474ecbec2f532f1f780ee37b0b05f77ca55","","0","0","0","0.0113660444314","0.0011207917628775","0.10","","","Transfer"
"0x494be082d59d29eb05f5c18229a3271e7282b028d11152e673aefd9195765180","83824022","1772768075","2026-03-06 12:34:35","0xc8f7787d062a91a5367dde72b35eeb5da807102d","0x0ef5486ce0966f08dc7f94a9496535a098aba2fb","","0","0","0","0.0105366491499","0.00103900610690148","0.10","","","Flush Tokens"
"0x10b7c2e0f2761463b94fa574c9f0268187fba0f0e94805767a201ae31f90fa28","83824039","1772768109","2026-03-06 12:35:09","0xc8f7787d062a91a5367dde72b35eeb5da807102d","0xc2132d05d31c914a87c6611c10748aeb04b58e8f","","0","0","0","0.0159083114652","0.00156869916874763","0.10","","","Transfer"
"0xcdf67685402bda1d08e847d67dafb9829c0cdfeecf863b8b37d6aa1c31ff8777","83824084","1772768199","2026-03-06 12:36:39","0xc8f7787d062a91a5367dde72b35eeb5da807102d","0x98965474ecbec2f532f1f780ee37b0b05f77ca55","","0","0","0","0.014856794697","0.00146501038418945","0.10","","","Transfer"
"0x4e975fa0719bab0ad25a3bc01d869bed8b9aaa007a619b55c6625ed8db4b0a4d","83824127","1772768285","2026-03-06 12:38:05","0xc8f7787d062a91a5367dde72b35eeb5da807102d","0xc7082890c721ca44a1d35e4ac9cecf732f8337a1","","0","0","0","0.0113359392387","0.00111782312658528","0.10","","","Flush Tokens"
"0xf6fd77535b80402d1c185390d842ff2003788bb91988d2107a6ab1f3ab7f57fb","83824138","1772768307","2026-03-06 12:38:27","0xc8f7787d062a91a5367dde72b35eeb5da807102d","0x98965474ecbec2f532f1f780ee37b0b05f77ca55","","0","0","0","0.014037400767","0.0013842109492727","0.10","","","Transfer"
"0x347eea5c62bbb2c3857ac856131ab990d61b704a69297d96c4dabc356d84eafe","83824177","1772768385","2026-03-06 12:39:45","0xc8f7787d062a91a5367dde72b35eeb5da807102d","0xc7b0ddf852157c4994e1acdaeb62c1cfa19d9074","","0","0","0","0.0104625369474","0.00103169799310762","0.10","","","Flush Tokens"
"0x242fb7a64c5c3c2335ab493171daed95e9399922a047edfcef5894cd66fb956b","83824242","1772768515","2026-03-06 12:41:55","0xc8f7787d062a91a5367dde72b35eeb5da807102d","0xfcbc7c5818efffb6675826f0c72124f6725bba20","","0","0","0","0.0117423485712","0.00115789865461719","0.10","","","Flush Tokens"
"0x4164a205d1d702cb4bcee99b26f0efad3640d36b1e9cada857222f41766938c9","83824252","1772768535","2026-03-06 12:42:15","0xc8f7787d062a91a5367dde72b35eeb5da807102d","0xf356fb3a07147ca062514d3d38e311f4e51c4fd7","","0","0","0","0.0101624178188","0.00100210361229668","0.10","","","Flush Tokens"
"0x595eade97ef4ae8be1170194a3e6a6abb42824549e2ad78c96bdc72f7887b813","83824365","1772768761","2026-03-06 12:46:01","0xc8f7787d062a91a5367dde72b35eeb5da807102d","0x98965474ecbec2f532f1f780ee37b0b05f77ca55","","0","0","0","0.010610317262","0.00104627042948324","0.10","","","Transfer"
"0x0d2fd1452aafd795abdd51f69dc1d1ecbee37774ae3e13891ecc21fa8262548e","83824437","1772768905","2026-03-06 12:48:25","0xc8f7787d062a91a5367dde72b35eeb5da807102d","0x98965474ecbec2f532f1f780ee37b0b05f77ca55","","0","0","0","0.014122954065","0.00139264725552367","0.10","","","Transfer"
"0x0baec8c2a5dd917cc2e40c1c4842e5c3c4356feb69ed9fccdecf536c4a7a32aa","83824446","1772768923","2026-03-06 12:48:43","0xc8f7787d062a91a5367dde72b35eeb5da807102d","0xc2132d05d31c914a87c6611c10748aeb04b58e8f","","0","0","0","0.0106166806732","0.00104689791769164","0.10","","","Transfer"
"0x464c77f674af77296be2eb89acde3f5cb6eaeaa06c2396d11274e1b337c5c16f","83824519","1772769069","2026-03-06 12:51:09","0xc8f7787d062a91a5367dde72b35eeb5da807102d","0x71878f5e3b6e3a5fc1b1ad99b5827b906d13f8c8","","0","0","0","0.007786349856","0.000767802451781571","0.10","","","Flush Tokens"
"0x67259d04d26b74120dd9bcf93a8973589c865136da684dbbf5e46a6cb3202c26","83824544","1772769119","2026-03-06 12:51:59","0xc8f7787d062a91a5367dde72b35eeb5da807102d","0x4b95536f6bbb678cd2d808a8282ef151314e8c38","","0","0","0","0.0075085832016","0.000740412221158021","0.10","","","Flush Tokens"
"0x99f0341af9516e7477c20c7865ef05303fbbf5ba44600a7df66abca0eff71881","83824612","1772769255","2026-03-06 12:54:15","0xc8f7787d062a91a5367dde72b35eeb5da807102d","0x115f6d4ef5b535a6c9033d3847874cd8bb59ebbb","","0","0","0","0.0068076315216","0.000671292231889918","0.10","","","Flush Tokens"
"0xb10cff36668a23bff43f5cee55c3df37f9b87d285e37615e611fe5c427902eed","83824742","1772769515","2026-03-06 12:58:35","0xc8f7787d062a91a5367dde72b35eeb5da807102d","0x95d8e9a318c4a293da9994c7f8a2ae4d904b3e83","","0","0","0","0.006438471362","0.00063488979931459","0.10","","","Flush Tokens"
"0x802ab9f5dcc377a53214ad19c8c8da7eb424a5a38322d40b9f6c34603b6c52c9","83824779","1772769589","2026-03-06 12:59:49","0xc8f7787d062a91a5367dde72b35eeb5da807102d","0xb96e3847b7c2acc31d5f2de375038310ab2180b0","","0","0","0","0.011419607628","0.00112607356429091","0.10","","","Flush Tokens"
"0xe56114a8ec8e7f198c10ad35115bf8dbb08a887715b211e9b7b287c0d34e7ae2","83824894","1772769819","2026-03-06 13:03:39","0xc8f7787d062a91a5367dde72b35eeb5da807102d","0x9a049e06bd2d086d8f966452bd0c94a6c6ac52d4","","0","0","0","0.0102158798976","0.00100737544260731","0.10","","","Flush Tokens"
"0x29f429df06d5f7ea98ef354804d5dfb4aad146728c10d92c6f1cc5cd0c4f8458","83824914","1772769859","2026-03-06 13:04:19","0xc8f7787d062a91a5367dde72b35eeb5da807102d","0x98965474ecbec2f532f1f780ee37b0b05f77ca55","","0","0","0","0.0112502792125","0.00110937629599683","0.10","","","Transfer"
"0xd834ad2654ca41df1ca34ee56d0c673395530ac27bb4cb5774ba6e4ee9a42791","83824948","1772769927","2026-03-06 13:05:27","0xc8f7787d062a91a5367dde72b35eeb5da807102d","0x98965474ecbec2f532f1f780ee37b0b05f77ca55","","0","0","0","0.0148722019717","0.00146652967673457","0.10","","","Transfer"
"0x4dba8bed225638d23d43a5de8711030788009e8864f8511a88628dbd0a19278f","83825029","1772770089","2026-03-06 13:08:09","0xc8f7787d062a91a5367dde72b35eeb5da807102d","0x98965474ecbec2f532f1f780ee37b0b05f77ca55","","0","0","0","0.011575662127","0.00114146190788703","0.10","","","Transfer"
"0x4f40b704c5cd4704f35bb2f3949fbfaf4c1f2c7a59a30b3d1cba29757c557e36","83825048","1772770127","2026-03-06 13:08:47","0xc8f7787d062a91a5367dde72b35eeb5da807102d","0xc2132d05d31c914a87c6611c10748aeb04b58e8f","","0","0","0","0.0127531998896","0.00125757746882512","0.10","","","Transfer"
"0x5eef3afea2cd94b73680d62fd0c401340c823adbd6393272b7e5c2191c1ccd06","83825143","1772770317","2026-03-06 13:11:57","0xc8f7787d062a91a5367dde72b35eeb5da807102d","0x98965474ecbec2f532f1f780ee37b0b05f77ca55","","0","0","0","0.0089107631179","0.00087867947057328","0.10","","","Transfer"
"0xf2bf8c04f332524e612db2bdb73dd7f167f3cf8117b360c1002b1f399adf4dd5","83825157","1772770345","2026-03-06 13:12:25","0xc8f7787d062a91a5367dde72b35eeb5da807102d","0x886b93405ddfa61639348fcc34647aa72feb2ae1","","0","0","0","0.0073677986928","0.000726529632650107","0.10","","","Flush Tokens"
"0x7d0d125a5bc19643b2f13b5aecb722f955b0b95ff21fe16d057b2bf585cbaebc","83825179","1772770389","2026-03-06 13:13:09","0xc8f7787d062a91a5367dde72b35eeb5da807102d","0xc710b773af3751254102c3d2aaef74363cee9e9b","","0","0","0","0.0058992359365","0.000581716452439181","0.10","","","Flush Tokens"
"0x36aa1d60678808ade65c16113e3a9913e2fdd7a516686ed1df13776f6f233c54","83825197","1772770425","2026-03-06 13:13:45","0xc8f7787d062a91a5367dde72b35eeb5da807102d","0x9a049e06bd2d086d8f966452bd0c94a6c6ac52d4","","0","0","0","0.0063361069308","0.000624795767745996","0.10","","","Flush Tokens"
"0x02e564d2369ddcfc8d19f065593f7f3a8d94d3b94913c6ef0c4f42f4273730c2","83825256","1772770543","2026-03-06 13:15:43","0xc8f7787d062a91a5367dde72b35eeb5da807102d","0xc2132d05d31c914a87c6611c10748aeb04b58e8f","","0","0","0","0.0073065196764","0.000720486983667615","0.10","","","Transfer"
"0xa42747b9199acbe79d8970922db49f1aa8fd66d986705b1dc6b63c9241c6d459","83825288","1772770607","2026-03-06 13:16:47","0xc8f7787d062a91a5367dde72b35eeb5da807102d","0xc2132d05d31c914a87c6611c10748aeb04b58e8f","","0","0","0","0.0074985346216","0.000739421342954035","0.10","","","Transfer"
"0x75edbacea57db9c3a6a1f1f43cdee5a84302f859aeda7deb5a6783b172f4b453","83825319","1772770669","2026-03-06 13:17:49","0xc8f7787d062a91a5367dde72b35eeb5da807102d","0xd5d3af3df9a564e16d80635d37831d0a8c953502","","0","0","0","0.005456031612","0.000538012615174655","0.10","","","Flush Tokens"
"0x70c3d68b8ba30cb920b16621c344af81aceb72f515ac7f8c8a14d1ae67d1c169","83825334","1772770699","2026-03-06 13:18:19","0xc8f7787d062a91a5367dde72b35eeb5da807102d","0x886b93405ddfa61639348fcc34647aa72feb2ae1","","0","0","0","0.0061463430288","0.000606083381080893","0.10","","","Flush Tokens"
"0xf0cc425c6b2f22b0a2fd9c45a2a1e187f73e8adb7f95acd471a1a43516c70081","83825397","1772770825","2026-03-06 13:20:25","0xc8f7787d062a91a5367dde72b35eeb5da807102d","0xc2132d05d31c914a87c6611c10748aeb04b58e8f","","0","0","0","0.0099277964324","0.000978967883868106","0.10","","","Transfer"
"0xac736c0f0d6b35ea74e1ad30f93f1658fbf2df82aca14eb2aad9fc1ee9269d44","83825401","1772770833","2026-03-06 13:20:33","0xc8f7787d062a91a5367dde72b35eeb5da807102d","0xc2132d05d31c914a87c6611c10748aeb04b58e8f","","0","0","0","0.014006054576","0.00138111993965344","0.10","","","Transfer"
"0xfdf19b772b5f773199f43dc6a454625726f6513e1e16ed395c3c4fef58cb7013","83825432","1772770895","2026-03-06 13:21:35","0xc8f7787d062a91a5367dde72b35eeb5da807102d","0xd69cf8dce905df6a1f33b40542dfbe8a39f8cd2b","","0","0","0","0.0075128292948","0.000740830923223783","0.10","","","Flush Tokens"
"0x9debd165b68d157d1b2a7d19fdf28f6900ba59300c3c5986c607ddc8755aa8f5","83825732","1772771495","2026-03-06 13:31:35","0xc8f7787d062a91a5367dde72b35eeb5da807102d","0x21c10151fdb5d355b3d70b339de676273d7cd2e2","","0","0","0","0.0132983260068","0.00131133168961624","0.10","","","Flush Tokens"
"0x491bc6d1816ed36803ea760655ee509f3ea7d5bbe7ce9a3b684dd9e9eb31b25a","83825789","1772771609","2026-03-06 13:33:29","0xc8f7787d062a91a5367dde72b35eeb5da807102d","0x51c432aebbb56098417f6ae84effe19291248d24","","0","0","0","0.0103362047338","0.00101924052778241","0.10","","","Flush Tokens"
"0xab908be8136b159fbbd11295c676052695a244a1784b38501a548542344de5bc","83825821","1772771673","2026-03-06 13:34:33","0xc8f7787d062a91a5367dde72b35eeb5da807102d","0x9ebf2b680df25a1d4c3dd8563a4a0a5bd0b0cabe","","0","0","0","0.0105061367832","0.0010359973196783","0.10","","","Flush Tokens"
"0x29432039d5df4d56024e1c0d43d261343277a4de35f69953178c81e2eeaeb209","83825832","1772771695","2026-03-06 13:34:55","0xc8f7787d062a91a5367dde72b35eeb5da807102d","0xd5d3af3df9a564e16d80635d37831d0a8c953502","","0","0","0","0.0146714423719","0.0014467330177357","0.10","","","Flush Tokens"
"0x587c5fc256c79c5b99acc34fbe785c60289f7eab5b5577f3210efd5656aca524","83825984","1772771999","2026-03-06 13:39:59","0xc8f7787d062a91a5367dde72b35eeb5da807102d","0x4b95536f6bbb678cd2d808a8282ef151314e8c38","","0","0","0","0.0083982536352","0.00082814153628368","0.10","","","Flush Tokens"
"0x2500523c315776eb142ef835f73eddf50ee4c93fd0129fd36a1f3fa99e826486","83826030","1772772091","2026-03-06 13:41:31","0xc8f7787d062a91a5367dde72b35eeb5da807102d","0xc2132d05d31c914a87c6611c10748aeb04b58e8f","","0","0","0","0.0123109740616","0.00121397011990567","0.10","","","Transfer"
"0xa5a0d09f81583a2857750c3743d35946020a1a0fb4b158a8607179b6599c60fa","83826049","1772772129","2026-03-06 13:42:09","0xc8f7787d062a91a5367dde72b35eeb5da807102d","0xa424d0dcc67c6421a504ad195f407cab55c3f3a8","","0","0","0","0.0087956906544","0.000867332315456719","0.10","","","Flush Tokens"
"0x452a23b17bf21d78e9dcb964de68cefd63447fe22497831e05091bacad0a0a50","83826149","1772772329","2026-03-06 13:45:29","0xc8f7787d062a91a5367dde72b35eeb5da807102d","0xfbcbfee0bc16c4c7ea57b0a21bed9b024124e09a","","0","0","0","0.0061943972244","0.000610821946632458","0.10","","","Flush Tokens"
"0x71161a7289c7a78693aa7a5bc5005e487a1071a9510425796857dc86f1790ec7","83826219","1772772469","2026-03-06 13:47:49","0xc8f7787d062a91a5367dde72b35eeb5da807102d","0x2b808719f1a9d34543029f5b0304dca60d424879","","0","0","0","0.0051996014837","0.000512726353336871","0.10","","","Flush Tokens"
"0x80bef6e757258e3e79a590c61f37f50d7b052f1168e46d92ff9c9773bac1f924","83826269","1772772569","2026-03-06 13:49:29","0xc8f7787d062a91a5367dde72b35eeb5da807102d","0xb2f810a2305a5c71bea3092a7d56f947d02707e4","","0","0","0","0.0050363409814","0.000496627434554223","0.10","","","Flush Tokens"
"0x3e45506cc283000d13a825f60944016e4c1cb22cae8c139b0b16f86f19252836","83826347","1772772725","2026-03-06 13:52:05","0xadc6b6e88f4219613dfbd5f7f6e9f2e2a5aca21b","0xc8f7787d062a91a5367dde72b35eeb5da807102d","","14.996350851","0","1.47877184613042","0.003649149","0.000359838127098443","0.10","","","Transfer"
"0xf581af27622ac0054ecb6f0e5bbe77a1f01454dabf93ffdb0d861d305ab756bd","83826514","1772773059","2026-03-06 13:57:39","0xc8f7787d062a91a5367dde72b35eeb5da807102d","0x93d9ff91ebb7619abc6735198cc690b36d27fb3d","","0","0","0","0.0232574604912","0.00229338978052676","0.10","","","Flush Tokens"
"0xf6772f601d7b24c07c03984a16e1ec2fd7002686f467533a6d570ca6cf957c15","83826585","1772773201","2026-03-06 14:00:01","0xc8f7787d062a91a5367dde72b35eeb5da807102d","0xc2132d05d31c914a87c6611c10748aeb04b58e8f","","0","0","0","0.0207684588164","0.00204795236456898","0.10","","","Transfer"
"0x446fa4c8328f295bc890e121c15b129ef14fa68e87dc337e94a5dcc5e63c377c","83826602","1772773235","2026-03-06 14:00:35","0xc8f7787d062a91a5367dde72b35eeb5da807102d","0x93d9ff91ebb7619abc6735198cc690b36d27fb3d","","0","0","0","0.0376398535959","0.00371162000296733","0.10","","","Flush Tokens"
"0x0bdab8969e3fbfbd1e18c22a92d5c10012c60527675bc8d87d0bf1400b084b62","83826612","1772773255","2026-03-06 14:00:55","0xc8f7787d062a91a5367dde72b35eeb5da807102d","0x8c0b36b873bed816057f5c80980b9102296dd654","","0","0","0","0.0426603928608","0.00420668924955217","0.10","","","Flush Tokens"
"0x1039fc8f34f951e0f0cf8bdd9214964248039180eeaffca13b564174b8052a82","83826682","1772773395","2026-03-06 14:03:15","0xc8f7787d062a91a5367dde72b35eeb5da807102d","0x2acc95e8befc2d5fe886777db625d899f979e05b","","0","0","0","0.013402299456","0.00132158438448513","0.10","","","Flush Tokens"
"0x77151b1d81c7dc8fe391b7b5542cb2580a9f1ced440a48d362c223bf70656b41","83826734","1772773499","2026-03-06 14:04:59","0xc8f7787d062a91a5367dde72b35eeb5da807102d","0xd0cbbf9d3af71d95ecb17362f9e1eae28f13d7c5","","0","0","0","0.0166510727136","0.0016419419485041","0.10","","","Flush Tokens"
"0x3928cfee92eaf217aacc94e9f8e4e9e0debd98cab57770a086c60d7da5744ee5","83826869","1772773769","2026-03-06 14:09:29","0xc8f7787d062a91a5367dde72b35eeb5da807102d","0x2b808719f1a9d34543029f5b0304dca60d424879","","0","0","0","0.0128888927775","0.00127095797881321","0.10","","","Flush Tokens"
"0xa06d0b0275b16803ad097f2eedad17172f1a542696d1550daac1ba223f428b3e","83826929","1772773889","2026-03-06 14:11:29","0xc8f7787d062a91a5367dde72b35eeb5da807102d","0x5a413f24851fe3763ba02a441c47e80dc8a4bab6","","0","0","0","0.0117671024764","0.00116033960698322","0.10","","","Flush Tokens"
"0x64281f3c2baf2771d31f469d3d41bd6c4fa9885347bb290eeb782a26f4a4d42e","83826972","1772773975","2026-03-06 14:12:55","0xc8f7787d062a91a5367dde72b35eeb5da807102d","0x1a3f4fc403d33d51970f712099400dff37e5cd29","","0","0","0","0.0105614603037","0.00104145270448205","0.10","","","Flush Tokens"
"0xd5eeb4d36c9ae569b47ab336bd03d670f88b77f96424560486b447c9dc40e1db","83826989","1772774009","2026-03-06 14:13:29","0xc8f7787d062a91a5367dde72b35eeb5da807102d","0xcad1c9281af3da8f1a2a0d0f93f6adbdac6fb8b7","","0","0","0","0.0099760060761","0.000983721777967002","0.10","","","Flush Tokens"
"0x9958a8df014fc862b5ebe666a9735ff2f652473ff25406515b992f215c7b423e","83827052","1772774135","2026-03-06 14:15:35","0xc8f7787d062a91a5367dde72b35eeb5da807102d","0xd94528c2b7d1016f2be9af6c830b397a71462494","","0","0","0","0.010118862354","0.000997808661096134","0.10","","","Flush Tokens"
"0xccaa9660781c52418590970d3a303599392ea24015dcf936180cd32186492cd5","83827084","1772774199","2026-03-06 14:16:39","0xc8f7787d062a91a5367dde72b35eeb5da807102d","0x2acc95e8befc2d5fe886777db625d899f979e05b","","0","0","0","0.0099324637776","0.000979428125079219","0.10","","","Flush Tokens"
"0x48a0974fd5e47d98ea6f6b4d997300d9a1b00e6065b656bb61fa7e87b9abc88e","83827094","1772774219","2026-03-06 14:16:59","0xc8f7787d062a91a5367dde72b35eeb5da807102d","0x628a1598fd7cbc0e855d4d095d3604576c13498e","","0","0","0","0.0095550750936","0.000942214287760242","0.10","","","Flush Tokens"
"0x80343cc6dea54658ae2f47cd6b6c87ee2689e34a848a26436376ce1f70ccaf31","83827164","1772774359","2026-03-06 14:19:19","0xc8f7787d062a91a5367dde72b35eeb5da807102d","0xc2132d05d31c914a87c6611c10748aeb04b58e8f","","0","0","0","0.0105860877584","0.00104388118771867","0.10","","","Transfer"
"0xbb92929dedd251a8098fd0cbee9115f9f06c8093e837c84d469937cc769738ea","83827167","1772774365","2026-03-06 14:19:25","0xc8f7787d062a91a5367dde72b35eeb5da807102d","0xf2ab064ccfb6f42194f4cf25ebef0892187e6857","","0","0","0","0.0072114282502","0.000711110134241372","0.10","","","Flush Tokens"
"0xba497e97c0b5eb0c1493c4d2cef9875f0910cd61157f7d3cab1faa324f9c2e0f","83827271","1772774573","2026-03-06 14:22:53","0xc8f7787d062a91a5367dde72b35eeb5da807102d","0xc2132d05d31c914a87c6611c10748aeb04b58e8f","","0","0","0","0.0082449957324","0.000813028961624057","0.10","","","Transfer"
"0x777020d369346f1e0d9f77b2e7514406b224c09aa0896a92ea57ccd4bcd9d37f","83827278","1772774587","2026-03-06 14:23:07","0xc8f7787d062a91a5367dde72b35eeb5da807102d","0xb33a59b7f41de24ca4deb39038443ba2c53cbef9","","0","0","0","0.0055515438322","0.000547430958583428","0.10","","","Flush Tokens"
"0x8fbe3fd1a7839cd39d9f9d38f399db1896d385358dd352957349b26915c9eceb","83827278","1772774587","2026-03-06 14:23:07","0xc8f7787d062a91a5367dde72b35eeb5da807102d","0xc2132d05d31c914a87c6611c10748aeb04b58e8f","","0","0","0","0.0082613266232","0.000814639330825019","0.10","","","Transfer"
"0xfed6fe7a30e0292d1e2de68126357be6f733f4ecad2bc6c889b505d0d6e32acf","83827297","1772774625","2026-03-06 14:23:45","0xc8f7787d062a91a5367dde72b35eeb5da807102d","0x84310fd7ba71a632a386f02e7e1d3294ff4fc4fb","","0","0","0","0.0064887626976","0.000639848966509896","0.10","","","Flush Tokens"
"0xc27a915c41fa8ec8771720d96e4bced61a54db775534cd8f19d671cc2739a1a7","83827312","1772774655","2026-03-06 14:24:15","0xc8f7787d062a91a5367dde72b35eeb5da807102d","0xc2132d05d31c914a87c6611c10748aeb04b58e8f","","0","0","0","0.0145722324208","0.00143695004559799","0.10","","","Transfer"
"0x4e3fa3f5635e3c1d7adb50729ef9a36ac0e22a6e9c09fa028d27ead5c16632a6","83827314","1772774659","2026-03-06 14:24:19","0xc8f7787d062a91a5367dde72b35eeb5da807102d","0x00bcf398ee7b91ccec0730d4dd2c794a62340569","","0","0","0","0.011180302062","0.00110247593463159","0.10","","","Flush Tokens"
"0xed7032a456e734ec5eeb6b6a34670945b0bd07be9f8c96b5251bb9898c108d77","83827372","1772774775","2026-03-06 14:26:15","0xc8f7787d062a91a5367dde72b35eeb5da807102d","0xcd0b81231bdc80aabea4589a6a645c99386b24ee","","0","0","0","0.0079252355424","0.000781497799731177","0.10","","","Flush Tokens"
"0xd6c0955b979c83ee6fc59dfe99bd19d8a43afcd4b6f99b16df9393b304e9d1d6","83827384","1772774799","2026-03-06 14:26:39","0xc8f7787d062a91a5367dde72b35eeb5da807102d","0xc2132d05d31c914a87c6611c10748aeb04b58e8f","","0","0","0","0.0105504813456","0.00104037008282966","0.10","","","Transfer"
"0x9b9601f14a0f5ebc04d7f8db131e7e6532c88be65b28a943f963dab93b0941c7","83827386","1772774803","2026-03-06 14:26:43","0xc8f7787d062a91a5367dde72b35eeb5da807102d","0xc2132d05d31c914a87c6611c10748aeb04b58e8f","","0","0","0","0.0105488397952","0.00104020821154913","0.10","","","Transfer"
"0xa93ae90fd712b27aa51696f32003438b19a938fe3677fd59e94d12ee6fe59013","83827394","1772774819","2026-03-06 14:26:59","0xc8f7787d062a91a5367dde72b35eeb5da807102d","0x24284dc16d1c783145e593a075a400476113a098","","0","0","0","0.0078924306468","0.000778262949032462","0.10","","","Flush Tokens"
"0x7f3b86352c9049365c5432f3c09d409a702ac216a688d7a6e9c82a98e93d5233","83827429","1772774889","2026-03-06 14:28:09","0xc8f7787d062a91a5367dde72b35eeb5da807102d","0x98965474ecbec2f532f1f780ee37b0b05f77ca55","","0","0","0","0.0092278894116","0.000909950907168135","0.10","","","Transfer"
"0x58956366c1f722504592621352a8af3734dde2b3a4830b14e1af0f5d6693fd15","83827513","1772775057","2026-03-06 14:30:57","0xc8f7787d062a91a5367dde72b35eeb5da807102d","0xc2132d05d31c914a87c6611c10748aeb04b58e8f","","0","0","0","0.0413667273852","0.00407912247663283","0.10","","","Transfer"
"0x9e9a33f937d4aa3f0de783e90b3e76d0cc75bb6f2445fb38195b2c7608c7f850","83827524","1772775079","2026-03-06 14:31:19","0xc8f7787d062a91a5367dde72b35eeb5da807102d","0xc0a42137c1dc8934697c9ef1b90fc1ef4b4b1d98","","0","0","0","0.0321238361808","0.00316769226099462","0.10","","","Flush Tokens"
"0x9b44d7347e7827bbdb273d789d309828ef1ba32a1e648a0b4a884ae420f1d37c","83827557","1772775145","2026-03-06 14:32:25","0xc8f7787d062a91a5367dde72b35eeb5da807102d","0xd2df4a2ac49a97d7e1cf1e6e4b9f311e6efa56dc","","0","0","0","0.0126030996065","0.00124277626318851","0.10","","","Flush Tokens"
"0xae71231d3c193a7456e931eafa15a4d1189d4a381a365b836954f11da5095feb","83827567","1772775165","2026-03-06 14:32:45","0xc8f7787d062a91a5367dde72b35eeb5da807102d","0x80be7ddd50a63351c5477cf43d5f76397303afa0","","0","0","0","0.0151036702128","0.00148935447735526","0.10","","","Flush Tokens"
"0x23eaf3730589d41fba747c7260bb70cfc3e7378c2266bbd3a37a7a4ef078f00d","83827842","1772775715","2026-03-06 14:41:55","0xc8f7787d062a91a5367dde72b35eeb5da807102d","0xf356fb3a07147ca062514d3d38e311f4e51c4fd7","","0","0","0","0.0171722723241","0.00169333680568499","0.10","","","Flush Tokens"
"0xc8bc37eeb8aa76b03628c0bf00c7e76cd06ff45baf97dc8629ec6b57913be586","83827888","1772775807","2026-03-06 14:43:27","0xc8f7787d062a91a5367dde72b35eeb5da807102d","0xc2132d05d31c914a87c6611c10748aeb04b58e8f","","0","0","0","0.0236338707276","0.00233050713432263","0.10","","","Transfer"
"0x7d428672f54ce6d015df8e8ad1b70a7198cd3d0e4c6b83e115d376ee3dc5fec4","83827979","1772775989","2026-03-06 14:46:29","0xc8f7787d062a91a5367dde72b35eeb5da807102d","0x458e99281d24d06420fa171e12761ec4538533c3","","0","0","0","0.0142830760069","0.00140843668469761","0.10","","","Flush Tokens"
"0x333a1150776790c1eeb4a057452bba75657e9bffdda843ebead406df25c04aa1","83828013","1772776057","2026-03-06 14:47:37","0xc8f7787d062a91a5367dde72b35eeb5da807102d","0x98965474ecbec2f532f1f780ee37b0b05f77ca55","","0","0","0","0.0182631454556","0.00180090647317211","0.10","","","Transfer"
"0x2ca4b1413a8cea33ac8f1fa00576289bba35692df8b49637bc36bf7a8e1cd0e5","83828042","1772776115","2026-03-06 14:48:35","0xc8f7787d062a91a5367dde72b35eeb5da807102d","0x9d07e2b3b5948d31eb0ce0098c23f3bb817ec766","","0","0","0","0.0142835484515","0.00140848327188274","0.10","","","Flush Tokens"
"0xdc020dce85276deff5db2b6df560833b238e615bce7eb6dbf231accddbfe3b03","83828087","1772776205","2026-03-06 14:50:05","0xc8f7787d062a91a5367dde72b35eeb5da807102d","0x697a9d9260ab9d4160c846289ecf640577db2401","","0","0","0","0.0172540572048","0.00170140151290743","0.10","","","Flush Tokens"
"0x2e35fcecbb2acdae28025c90ace8676b2dec2d7051a5738e2238a98b148e5fc3","83828112","1772776255","2026-03-06 14:50:55","0xc8f7787d062a91a5367dde72b35eeb5da807102d","0x98965474ecbec2f532f1f780ee37b0b05f77ca55","","0","0","0","0.0187739708174","0.00185127833835616","0.10","","","Transfer"
"0xef2be1f5447c63e3c50793b179a07deb115269d7f80c356bd70627c7b7c77bec","83828139","1772776309","2026-03-06 14:51:49","0xc8f7787d062a91a5367dde72b35eeb5da807102d","0x7393e3bfe347b17a86ae63d366a466d44507cfe5","","0","0","0","0.01476000498","0.00145546606838112","0.10","","","Flush Tokens"
"0x4fef886f15aea2e4203bbe785d7a51c1c6bb00d71f1821ddaa1d79e0204aa592","83828197","1772776425","2026-03-06 14:53:45","0xc8f7787d062a91a5367dde72b35eeb5da807102d","0xc2132d05d31c914a87c6611c10748aeb04b58e8f","","0","0","0","0.0178047167956","0.0017557013827736","0.10","","","Transfer"
"0x14afe2827e1649a09d7966d5696c0153bdafe88b6ff10b50e6629c0ae07de50d","83828199","1772776429","2026-03-06 14:53:49","0xc8f7787d062a91a5367dde72b35eeb5da807102d","0x20964e0d5915de9909cf5b23a3a13f732b645a78","","0","0","0","0.0119598809982","0.0011793492616258","0.10","","","Flush Tokens"
"0xae3edf03f897b59792c653f804dec797e10dc7524f0351a3d31c7077a2bd1bc4","83828263","1772776557","2026-03-06 14:55:57","0xc8f7787d062a91a5367dde72b35eeb5da807102d","0xc2132d05d31c914a87c6611c10748aeb04b58e8f","","0","0","0","0.0170350581212","0.00167980628068235","0.10","","","Transfer"
"0xc8a8a98803135e8a5c7c7f96d038cf40333bcacdf91d4ca9c0bf85efd3b84f47","83828319","1772776669","2026-03-06 14:57:49","0xc8f7787d062a91a5367dde72b35eeb5da807102d","0xc2132d05d31c914a87c6611c10748aeb04b58e8f","","0","0","0","0.017043798954","0.00168066820353177","0.10","","","Transfer"
"0x39210f87eb80a2d23ea779998dea9099ace3777d310b8b2e8e9d3ce09b453f01","83828347","1772776725","2026-03-06 14:58:45","0xc8f7787d062a91a5367dde72b35eeb5da807102d","0x458e99281d24d06420fa171e12761ec4538533c3","","0","0","0","0.0103906229506","0.00102460664169372","0.10","","","Flush Tokens"
"0xe77832158360de2a187084578801af6cdbb0c42d25fadede94abfbc003728169","83828359","1772776749","2026-03-06 14:59:09","0xc8f7787d062a91a5367dde72b35eeb5da807102d","0xc747f2962b699f99a8b1ee3389469ee6859f555a","","0","0","0","0.011217960936","0.00110618943021338","0.10","","","Flush Tokens"
"0xe3c3789ed8256a078b589c48be2b3197084f61d79335586034815196f41f0fad","83829139","1772778309","2026-03-06 15:25:09","0xc8f7787d062a91a5367dde72b35eeb5da807102d","0x60e82afff8739657702bac573532fe3fb2995432","","0","0","0","0.0081164975315","0.000800357910935972","0.10","","","Flush Tokens"
"0x9a2b5d02d54e2a5b993efdcfafdd09a7309c8bfedf2da5fb3d070801d497134b","83829262","1772778555","2026-03-06 15:29:15","0xc8f7787d062a91a5367dde72b35eeb5da807102d","0x263b0ee00115be1444c18bc9729210fba293b368","","0","0","0","0.0081339420318","0.000802078091809957","0.10","","","Flush Tokens"
"0xceb990e145523085b8c07e7cfa234b358ffe4734c7d1b5a75c185cf2822d66be","83829277","1772778585","2026-03-06 15:29:45","0xc8f7787d062a91a5367dde72b35eeb5da807102d","0xd818dffe938db6102c877e2d4bd475fe67cc65c8","","0","0","0","0.0063381137108","0.000624993653871418","0.10","","","Flush Tokens"
"0xc5e898ea4b4920772e842a03ee46134ca2993d8f08ef7f2104f298301411738c","83829374","1772778779","2026-03-06 15:32:59","0xc8f7787d062a91a5367dde72b35eeb5da807102d","0x9993ba4bde587c5d9a0d16125df4dad3523a5203","","0","0","0","0.008838829204","0.000871586155158471","0.10","","","Flush Tokens"
"0x09f1503ebcb3f5928c8eba44717b50adedbef36c016fc8e28df12c7c4c10eb5c","83829390","1772778811","2026-03-06 15:33:31","0x342c3408f1caee2ca42ead0cdcaa13d063efd2a3","0xc8f7787d062a91a5367dde72b35eeb5da807102d","","2052.4674239949","0","202.391306515818","0.0065760051","0.000648451833283269","0.10","","","Transfer"
"0x80da0aff03ccbd7912c6d14b4eb28d878137758d008543640e40b3811077c374","83829424","1772778879","2026-03-06 15:34:39","0xc8f7787d062a91a5367dde72b35eeb5da807102d","0x98965474ecbec2f532f1f780ee37b0b05f77ca55","","0","0","0","0.0153727046605","0.00151588363573858","0.10","","","Transfer"
"0xb92d6d28340b1e61bed061d68e2b694eb18b0d5f48eb2ca0ba4364a0aab894b7","83829445","1772778921","2026-03-06 15:35:21","0xc8f7787d062a91a5367dde72b35eeb5da807102d","0xf2ab064ccfb6f42194f4cf25ebef0892187e6857","","0","0","0","0.008204115896","0.000808997850872957","0.10","","","Flush Tokens"
"0xb7a6878f45407480faf4ef6fa837379709f67272992b71c96930ced1f0e8f4a0","83829452","1772778935","2026-03-06 15:35:35","0xc8f7787d062a91a5367dde72b35eeb5da807102d","0xe246ccdec396432c9b5068305ba3bd3f36932b45","","0","0","0","0.011403930154","0.00112452762772274","0.10","","","Flush Tokens"
"0x64b533df5bd78a67468a6a7b79dbf3167e31a200076bee4e40e2bf3201ae549f","83829464","1772778959","2026-03-06 15:35:59","0xc8f7787d062a91a5367dde72b35eeb5da807102d","0x5a413f24851fe3763ba02a441c47e80dc8a4bab6","","0","0","0","0.0085778321616","0.000845849555497714","0.10","","","Flush Tokens"
"0x4be44625a05bfbc6f2a884b7fa67a42cfe1cb6416be9b8bd6cfae9c72d000a5a","83829469","1772778969","2026-03-06 15:36:09","0xc8f7787d062a91a5367dde72b35eeb5da807102d","0x98965474ecbec2f532f1f780ee37b0b05f77ca55","","0","0","0","0.010932613704","0.00107805168808896","0.10","","","Transfer"
"0x57e25dccf54d4c42e44c7d261b83834cab0399d66b3c169b6877f21df81b03c9","83829481","1772778993","2026-03-06 15:36:33","0xc8f7787d062a91a5367dde72b35eeb5da807102d","0x98965474ecbec2f532f1f780ee37b0b05f77ca55","","0","0","0","0.013504491732","0.00133166144003966","0.10","","","Transfer"
"0xdd1c029b6a71d24a662ec1c9846dc5e1bbd689a7bf1ff343bb208e12dd0a884d","83829493","1772779017","2026-03-06 15:36:57","0xc8f7787d062a91a5367dde72b35eeb5da807102d","0x98965474ecbec2f532f1f780ee37b0b05f77ca55","","0","0","0","0.019020719297","0.00187560990463741","0.10","","","Transfer"
"0x858e7e93d39bf39c8ab8763e19e3fbe14184dc0b441cf4cabb8d42322c3a6d7f","83829503","1772779037","2026-03-06 15:37:17","0xc8f7787d062a91a5367dde72b35eeb5da807102d","0x98965474ecbec2f532f1f780ee37b0b05f77ca55","","0","0","0","0.0117503805165","0.00115869067493582","0.10","","","Transfer"
"0x5529bb6774db0defa29cbe46e475bed74d348411cfbc0b181e311b6cfcd77916","83829515","1772779061","2026-03-06 15:37:41","0xc8f7787d062a91a5367dde72b35eeb5da807102d","0x98965474ecbec2f532f1f780ee37b0b05f77ca55","","0","0","0","0.011460203748","0.00113007669811424","0.10","","","Transfer"
"0xc61664fe57c3265d4cc1dbd9375add811cf179419f07f56ec3139efc4bb64db3","83829528","1772779087","2026-03-06 15:38:07","0xc8f7787d062a91a5367dde72b35eeb5da807102d","0x98965474ecbec2f532f1f780ee37b0b05f77ca55","","0","0","0","0.011263805055","0.00111071006281003","0.10","","","Transfer"
"0x07022de4e4eabc20486c3e2c28c2055e3348420a08ccb0531482b7d4ceafcb44","83829554","1772779139","2026-03-06 15:38:59","0xc8f7787d062a91a5367dde72b35eeb5da807102d","0x20964e0d5915de9909cf5b23a3a13f732b645a78","","0","0","0","0.01188302544","0.00117177062887614","0.10","","","Flush Tokens"
"0xf3e44426dad94f4634a9d1c4d14977391b43e6a8ed11136a83bbb79a84f20a27","83829622","1772779275","2026-03-06 15:41:15","0xc8f7787d062a91a5367dde72b35eeb5da807102d","0xf356fb3a07147ca062514d3d38e311f4e51c4fd7","","0","0","0","0.008375842549","0.000825931606438543","0.10","","","Flush Tokens"
"0x43c96adbddefe2acfe8a76e1d9c1c6ac8c659b1c9ccf80105e51dd846455ee49","83829625","1772779281","2026-03-06 15:41:21","0xc8f7787d062a91a5367dde72b35eeb5da807102d","0xc2132d05d31c914a87c6611c10748aeb04b58e8f","","0","0","0","0.0122557095164","0.00120852055058424","0.10","","","Transfer"
"0xf6dce194655560edb002966e1d7c4000a20582eb86e2510d5f5c298377296ed1","83829625","1772779281","2026-03-06 15:41:21","0xc8f7787d062a91a5367dde72b35eeb5da807102d","0xc2132d05d31c914a87c6611c10748aeb04b58e8f","","0","0","0","0.0122307427792","0.00120605861111457","0.10","","","Transfer"
"0x2f7a513b1d53e638c78780b261cdfe2b5f6a5faa8ff1575ec10bbf3707737c7c","83829657","1772779345","2026-03-06 15:42:25","0xc8f7787d062a91a5367dde72b35eeb5da807102d","0x31628ce953e7c5286ddd27f775618bd2b553c166","","0","0","0","0.0095448119892","0.000941202255567116","0.10","","","Flush Tokens"
"0x6555c20210bee34f62d499e3aaee47631fa944fd374ebb9f2f64ec8d3bc3ec58","83829822","1772779675","2026-03-06 15:47:55","0xc8f7787d062a91a5367dde72b35eeb5da807102d","0xc2132d05d31c914a87c6611c10748aeb04b58e8f","","0","0","0","0.0088158533456","0.000869320533816307","0.10","","","Transfer"
"0x57d1ff49b5f9c39fce8205f33246f935c700243eda5f22512a10a27fa6e26b7a","83829879","1772779789","2026-03-06 15:49:49","0xc8f7787d062a91a5367dde72b35eeb5da807102d","0x18df914d0fa4ac54dc63c055ccb86092ea39c4e6","","0","0","0","0.007533389958","0.000742858385116348","0.10","","","Flush Tokens"
"0x0dd077b3d1edcd735efd5ff9fb7a5f6706e8ff9d9aaca8a7ff463d205f69ee41","83829900","1772779831","2026-03-06 15:50:31","0xc8f7787d062a91a5367dde72b35eeb5da807102d","0x98965474ecbec2f532f1f780ee37b0b05f77ca55","","0","0","0","0.0088423488851","0.000871933226614037","0.10","","","Transfer"
"0x628402e1bb2ed756cea345cae86382c118d9d0724ed4823d91f612554e79c983","83829917","1772779865","2026-03-06 15:51:05","0xc8f7787d062a91a5367dde72b35eeb5da807102d","0xec55d913e4584fd6485ae2171081a19383b9177b","","0","0","0","0.0073365304368","0.000723446308106035","0.10","","","Flush Tokens"
"0xb5e5966896ce3deabc99c319e40721ef4e3ec488b24a2646971a15d431476b06","83829939","1772779909","2026-03-06 15:51:49","0xc8f7787d062a91a5367dde72b35eeb5da807102d","0xc2132d05d31c914a87c6611c10748aeb04b58e8f","","0","0","0","0.0096556544532","0.000952132295598021","0.10","","","Transfer"
"0x19f6114cea6336644c7b08fcb8f1bb3a52c059a9918a15edbdbc0f5d6be5f382","83830024","1772780079","2026-03-06 15:54:39","0xc8f7787d062a91a5367dde72b35eeb5da807102d","0x5a413f24851fe3763ba02a441c47e80dc8a4bab6","","0","0","0","0.0059211423335","0.000583876615498556","0.10","","","Flush Tokens"
"0x3d31e1010f3923f91dc6775a68f435bc2508c658f98b96cba92d50e5bc1f02b7","83830052","1772780135","2026-03-06 15:55:35","0xc8f7787d062a91a5367dde72b35eeb5da807102d","0xc2132d05d31c914a87c6611c10748aeb04b58e8f","","0","0","0","0.012737580184","0.00125603722872834","0.10","","","Transfer"
"0x8f2522e9ba60f1b97a82b4d3433ed02ec563cdb0fffe5a232c3d9658bacadbb2","83830103","1772780237","2026-03-06 15:57:17","0xc8f7787d062a91a5367dde72b35eeb5da807102d","0x31628ce953e7c5286ddd27f775618bd2b553c166","","0","0","0","0.0125786209656","0.00124036245429899","0.10","","","Flush Tokens"
"0x33d4e5cf11bb7f090a9171d7ad2c92d57557847882a7d69776ecf86f1c1e9cd0","83830109","1772780249","2026-03-06 15:57:29","0xc8f7787d062a91a5367dde72b35eeb5da807102d","0x20964e0d5915de9909cf5b23a3a13f732b645a78","","0","0","0","0.01247375376","0.00123002162720282","0.10","","","Flush Tokens"
"0x79a4bdc27942981276c2c5d6bf18f382c0d9a767af6c38ae7cefd7987b3a2d91","83830214","1772780459","2026-03-06 16:00:59","0xc8f7787d062a91a5367dde72b35eeb5da807102d","0x10a93df66e7d18206947457925d1f5d0bc89a946","","0","0","0","0.01772054394","0.0017474012002621","0.10","","","Flush Tokens"
"0x9bbe8f9bb88ac126c711a423fe20e0fb59c4d134bc391cd3ae87b15bd81a5b5f","83830333","1772780697","2026-03-06 16:04:57","0xc8f7787d062a91a5367dde72b35eeb5da807102d","0xc2132d05d31c914a87c6611c10748aeb04b58e8f","","0","0","0","0.0165453365912","0.00163151543858328","0.10","","","Transfer"
"0x9038a15b841d57b28ad12f7ebe28765eff74d0c8f12ba00410e982eea04c87a1","83830365","1772780761","2026-03-06 16:06:01","0x4d2fa792fb174c095ef7382686a3587850756697","0xc8f7787d062a91a5367dde72b35eeb5da807102d","","4.991629589","0","0.492218498744482","0.008370411","0.000825396008023844","0.10","","","Transfer"
"0x6e52c53cf1550da053af70e109ea40d05a87f2e24561df85bc569598a0a95381","83830462","1772780955","2026-03-06 16:09:15","0xc8f7787d062a91a5367dde72b35eeb5da807102d","0x98965474ecbec2f532f1f780ee37b0b05f77ca55","","0","0","0","0.0146305009947","0.00144269583852146","0.10","","","Transfer"
"0x8f4fdd39eca2c628036ba4d535cea2144c514c1c52209b59aef92dcb30cced2b","83830493","1772781017","2026-03-06 16:10:17","0xc8f7787d062a91a5367dde72b35eeb5da807102d","0xc2132d05d31c914a87c6611c10748aeb04b58e8f","","0","0","0","0.016273497198","0.00160470968794918","0.10","","","Transfer"
"0x38fcb219c3a6d8b5b341bc39d826aa848dd7e8f89a20627aafe0eac6ec5c640b","83830589","1772781209","2026-03-06 16:13:29","0xc8f7787d062a91a5367dde72b35eeb5da807102d","0x390469e99b10977b8f2ff03789ca5f919416fee3","","0","0","0","0.012596829336","0.00124215795947081","0.10","","","Flush Tokens"
"0xd03fd203a4341426ab53d2d49f065fe441823e10d9f5e4b1a8bb4624c1951f17","83830613","1772781257","2026-03-06 16:14:17","0xc8f7787d062a91a5367dde72b35eeb5da807102d","0x98965474ecbec2f532f1f780ee37b0b05f77ca55","","0","0","0","0.0134258669068","0.00132390834203149","0.10","","","Transfer"
"0x8812b21f703e5155bdbe3368c3861b1e801242d8845ad3043c90f74615f3a9df","83830738","1772781507","2026-03-06 16:18:27","0xc8f7787d062a91a5367dde72b35eeb5da807102d","0x98965474ecbec2f532f1f780ee37b0b05f77ca55","","0","0","0","0.014232754205","0.00140347451325766","0.10","","","Transfer"
"0xd6e2942efea2da619bf1686900efe6f11a3ec90b89595f8df8806b368433a6b1","83830810","1772781651","2026-03-06 16:20:51","0xc8f7787d062a91a5367dde72b35eeb5da807102d","0x98965474ecbec2f532f1f780ee37b0b05f77ca55","","0","0","0","0.0077792664575","0.000767103966504666","0.10","","","Transfer"
"0xab8186b00526fdbf9b4e8af7738ce60b2619588922abfb3c0a8cd79bae945b22","83830917","1772781865","2026-03-06 16:24:25","0xc8f7787d062a91a5367dde72b35eeb5da807102d","0x308e8ace8b11966750b06e8c533d1135987111f7","","0","0","0","0.0057426887232","0.000566279522887565","0.10","","","Flush Tokens"
"0x22c2ff06915e2f54101d46f78615670b13a9b982ed448e42535bc294ebacefc1","83830995","1772782021","2026-03-06 16:27:01","0xc8f7787d062a91a5367dde72b35eeb5da807102d","0x98965474ecbec2f532f1f780ee37b0b05f77ca55","","0","0","0","0.0066068450354","0.000651492921655975","0.10","","","Transfer"
"0x9a1df4971a2d696fc61d241e2306567cf845571610133815cf5234a3e8f3735e","83831107","1772782245","2026-03-06 16:30:45","0xc8f7787d062a91a5367dde72b35eeb5da807102d","0x76a1272b1a20c59c84d5719d4842be0094b4aeec","","0","0","0","0.0095807479248","0.000944745854297076","0.10","","","Flush Tokens"
"0xd23a1ec5819c5256c34e180cf5258960728f6dc6b82667b70262d5b35e3519c5","83831146","1772782323","2026-03-06 16:32:03","0xc8f7787d062a91a5367dde72b35eeb5da807102d","0x98965474ecbec2f532f1f780ee37b0b05f77ca55","","0","0","0","0.010359938074457062","0.00102158084352502","0.10","","","Transfer"
"0x8d2010313372830381ede4558f7f120c1d5e650ce32c13b1816108c8e244be01","83831156","1772782343","2026-03-06 16:32:23","0xc8f7787d062a91a5367dde72b35eeb5da807102d","0xd0cbbf9d3af71d95ecb17362f9e1eae28f13d7c5","","0","0","0","0.0289095124474","0.00285073172249243","0.10","","","Flush Tokens"
"0x5843c11907b9e709a50f5fc14ebfc1c6e4deeff2671566f54625278d4f146fa6","83831441","1772782913","2026-03-06 16:41:53","0xc8f7787d062a91a5367dde72b35eeb5da807102d","0xaf3bbc35766f09a8ba1f0ec7da27723119e83d3c","","0","2052","202.345214406428","0.0104874042","0.00103415012252236","0.10","","","Transfer"
"0x8def5c40eacb4b5494a97d9cc6017c947153e4a314c419a988a8d60f4558f8e6","83831441","1772782913","2026-03-06 16:41:53","0xc8f7787d062a91a5367dde72b35eeb5da807102d","0x98965474ecbec2f532f1f780ee37b0b05f77ca55","","0","0","0","0.015446155358","0.00152312651933212","0.10","","","Transfer"
"0xb12db08649689aeccbcff573be3690ceb4f3ec962844461022bd1148e8850394","83831501","1772783033","2026-03-06 16:43:53","0xc8f7787d062a91a5367dde72b35eeb5da807102d","0x98965474ecbec2f532f1f780ee37b0b05f77ca55","","0","0","0","0.00828275430819174","0.000816752288677791","0.10","","","Transfer"
"0x5bfdd3b3ceec82412c2cef2b571d3e6c057a09f27a789bf48f7f60d8d1d3bfd8","83831550","1772783131","2026-03-06 16:45:31","0xc8f7787d062a91a5367dde72b35eeb5da807102d","0x98965474ecbec2f532f1f780ee37b0b05f77ca55","","0","0","0","0.015155166901","0.00149443250289866","0.10","","","Transfer"
"0xfd5aac39b142442714e9616a50acb1f907a5397470ab0540a957bad7f1846f27","83831611","1772783253","2026-03-06 16:47:33","0xc8f7787d062a91a5367dde72b35eeb5da807102d","0x98965474ecbec2f532f1f780ee37b0b05f77ca55","","0","0","0","0.008187433868363299","0.000807352856497283","0.10","","","Transfer"
"0x25195b94833073ed75cfb650809462dfb43eee273b6e77db1b3765b9513bbf40","83831661","1772783353","2026-03-06 16:49:13","0xc8f7787d062a91a5367dde72b35eeb5da807102d","0x98965474ecbec2f532f1f780ee37b0b05f77ca55","","0","0","0","0.00692838317055979","0.000683199404550103","0.10","","","Transfer"
"0xcbb301e180b03d6416ca86472898c1856123364259351e8becc5fa2365bc6023","83831709","1772783449","2026-03-06 16:50:49","0xc8f7787d062a91a5367dde72b35eeb5da807102d","0x98965474ecbec2f532f1f780ee37b0b05f77ca55","","0","0","0","0.006474044745112395","0.000638397647186442","0.10","","","Transfer"
"0x7a257ec4f8cd1fc82f133fffe0fb87bdccf4bd42f15d8addb66d5917cd9ccdbc","83831714","1772783459","2026-03-06 16:50:59","0xc8f7787d062a91a5367dde72b35eeb5da807102d","0xc67066129aa8c2621c297d59c4bb9a8fd877c150","","0","0","0","0.0097247587695","0.000958946587848574","0.10","","","Flush Tokens"
"0x5015037f33c61882206593848adece4093333c24983be85eff00536d98d093c8","83831724","1772783479","2026-03-06 16:51:19","0xc8f7787d062a91a5367dde72b35eeb5da807102d","0xf9712a8b82a384635b211b7bb8edd38bd249a589","","0","0","0","0.0104376848448","0.00102924735761588","0.10","","","Flush Tokens"
"0x333e3956afa3d8218c1339082036d89bb26eee43b049be5bdcd479d8697b2394","83831749","1772783529","2026-03-06 16:52:09","0xc8f7787d062a91a5367dde72b35eeb5da807102d","0x98965474ecbec2f532f1f780ee37b0b05f77ca55","","0","0","0","0.005587311368242057","0.000550957951638603","0.10","","","Transfer"
"0x6a3f5041e0c16f4e35754d990cb94c0dc7346eba5b18d27e92cf742e4d569a35","83831822","1772783675","2026-03-06 16:54:35","0xc8f7787d062a91a5367dde72b35eeb5da807102d","0x98965474ecbec2f532f1f780ee37b0b05f77ca55","","0","0","0","0.006655907879224744","0.000656330948777372","0.10","","","Transfer"
"0x1f76bc9ce44c6a3878862ab2f6f342d9243617c8feb16f6ee1c56222759c628c","83831859","1772783749","2026-03-06 16:55:49","0xc8f7787d062a91a5367dde72b35eeb5da807102d","0x82c9f7d704cbdda5a6da894418bba357dbf1ddce","","0","0","0","0.0071275002084","0.000702834092519767","0.10","","","Flush Tokens"
"0x6ebf0190c89236f9675656d3e3b33fd398a86520eecbb0518dc1b62b7211944f","83831870","1772783771","2026-03-06 16:56:11","0xc8f7787d062a91a5367dde72b35eeb5da807102d","0x98965474ecbec2f532f1f780ee37b0b05f77ca55","","0","0","0","0.00460332302522427","0.000453928062632093","0.10","","","Transfer"
"0xc4b7f5ca92f72df2099177b066d01c5303afafcb2d0349e516710fcb8ca32aa3","83831975","1772783981","2026-03-06 16:59:41","0xc8f7787d062a91a5367dde72b35eeb5da807102d","0xbccc3a743a33399091d797086ebe850d75cbd237","","0","4.9","0.483183016857456","0.0053340378","0.000525982954333818","0.10","","","Transfer"
"0x9e8f9cb868f2fa3dc6dbec8878f5c16582e611652c6f658f5e351d80104c9369","83831991","1772784013","2026-03-06 17:00:13","0xc8f7787d062a91a5367dde72b35eeb5da807102d","0x5fbcc7715b5cabbd06a66de06a43336dabe2baa1","","0","0","0","0.0075004123936","0.000739606507758102","0.10","","","Flush Tokens"
"0x4c05be94aa215c82ed04e187c4a77c8123a9b6ead8355a4f3e80d5e67c3bacce","83832244","1772784519","2026-03-06 17:08:39","0xc8f7787d062a91a5367dde72b35eeb5da807102d","0xc2132d05d31c914a87c6611c10748aeb04b58e8f","","0","0","0","0.0103175377284","0.00101739979717325","0.10","","","Transfer"
"0x6bfde2e818810a703591fb8bf970b62c5b9655da25e4aae93a4fc306dcef0998","83832322","1772784675","2026-03-06 17:11:15","0xc8f7787d062a91a5367dde72b35eeb5da807102d","0x73e85703c78047f3c06b219e9e0cc8a01719ac7e","","0","0","0","0.0077123237896","0.000760502831763358","0.10","","","Flush Tokens"
"0x3e2913f91bcfd45001cacf083ad01995844c17341e6f69155a69813273a23e57","83832392","1772784815","2026-03-06 17:13:35","0xc8f7787d062a91a5367dde72b35eeb5da807102d","0x9108f7f263d0c88e99996888184b3a363cdb8fc4","","0","0","0","0.0065721136904","0.000648068106134216","0.10","","","Flush Tokens"
"0xdf91ac83ba40395df3f421ed91886a1aa3e2af7beec720f5c722bcfeed907109","83832450","1772784931","2026-03-06 17:15:31","0xc8f7787d062a91a5367dde72b35eeb5da807102d","0xc2132d05d31c914a87c6611c10748aeb04b58e8f","","0","0","0","0.0095307823912","0.00093981881403917","0.10","","","Transfer"
"0xcf455e04d2b5bbbf104682bf3ff3ad9ee022d9f220aa2fa3b2dbfbda649b2511","83832684","1772785399","2026-03-06 17:23:19","0xc8f7787d062a91a5367dde72b35eeb5da807102d","0x886b93405ddfa61639348fcc34647aa72feb2ae1","","0","0","0","0.007904940891","0.000779496568937397","0.10","","","Flush Tokens"
"0xbd7ef3e411b62e1a4dbeada2c70421e3951384aa368b49bbe0c7893eca6aa02d","83832707","1772785445","2026-03-06 17:24:05","0xc8f7787d062a91a5367dde72b35eeb5da807102d","0xef360763b7f1023e708914026c5d5d0a90fb6a63","","0","0","0","0.0089451035856","0.000882065742161766","0.10","","","Flush Tokens"
"0x9eecb24ac337a4d9fd6f1e63cfeb79a2b090679c210ec4c60ee0b17e7b83856b","83832942","1772785915","2026-03-06 17:31:55","0xc8f7787d062a91a5367dde72b35eeb5da807102d","0xc2132d05d31c914a87c6611c10748aeb04b58e8f","","0","0","0","0.0133840384916","0.00131978369308318","0.10","","","Transfer"
"0x5e3d4b88e43c3adcd927cae2cd650ca29accff58988f1bea8f62d4d5c069b0e5","83833024","1772786079","2026-03-06 17:34:39","0xc8f7787d062a91a5367dde72b35eeb5da807102d","0xef360763b7f1023e708914026c5d5d0a90fb6a63","","0","0","0","0.0101933902284","0.00100515776378849","0.10","","","Flush Tokens"
"0x25d46a258745b41c27ea22e5d55ed85514ff3468acc3674934f16e70a3549bf5","83833052","1772786135","2026-03-06 17:35:35","0xc8f7787d062a91a5367dde72b35eeb5da807102d","0x9108f7f263d0c88e99996888184b3a363cdb8fc4","","0","0","0","0.0089033573729","0.000877949199101611","0.10","","","Flush Tokens"
"0x3dedb8f39d7f0e8b80bc5930b9e03d8567c4ed6995a0493b619e1ae7554b386b","83833154","1772786339","2026-03-06 17:38:59","0xc8f7787d062a91a5367dde72b35eeb5da807102d","0x1567d106cc2dd01a0855559c7f02191798d29ba9","","0","0","0","0.014117640131","0.0013921232549805","0.10","","","Flush Tokens"
"0xc1100c092a5add004f7c3b47d4b167e98cc1b0ccd29289f71853576ca33a42e7","83833414","1772786859","2026-03-06 17:47:39","0xc8f7787d062a91a5367dde72b35eeb5da807102d","0xc710b773af3751254102c3d2aaef74363cee9e9b","","0","0","0","0.0075321232917","0.000742733480699167","0.10","","","Flush Tokens"
"0x01818b0f6b4183d4534c4ee86aa3e89c62b04e2109bbc684d3aa955aca768e55","83833472","1772786975","2026-03-06 17:49:35","0xc8f7787d062a91a5367dde72b35eeb5da807102d","0xd2df4a2ac49a97d7e1cf1e6e4b9f311e6efa56dc","","0","0","0","0.0075085526424","0.000740409207752623","0.10","","","Flush Tokens"
"0x336c637bb3a5dbbc2ef48747b4082c1f9d42fb1026de82fd28365a5a559a159a","83834404","1772788839","2026-03-06 18:20:39","0xc8f7787d062a91a5367dde72b35eeb5da807102d","0x81c536ed88952f4531d533b854d57f625baa548c","","0","0","0","0.0116074713456","0.00114459857609255","0.10","","","Flush Tokens"
"0x384b2b55d593bcd559ebf22c4e2e7f71c387c8fc759f10f79aad6b0fb3579158","83834414","1772788859","2026-03-06 18:20:59","0xc8f7787d062a91a5367dde72b35eeb5da807102d","0x85625e66d17fc7bfd7921e616692665a144e8a4b","","0","0","0","0.0105218763083","0.00103754937502967","0.10","","","Flush Tokens"
"0x7f24f56ecf48614cac0251ff38edea5d12fa9df593cd895b00f1d164ada5ca44","83834434","1772788899","2026-03-06 18:21:39","0xc8f7787d062a91a5367dde72b35eeb5da807102d","0x5603841c4acb07345465ac2fe8297fbf1b5c7c02","","0","0","0","0.011633386752","0.00114715406267366","0.10","","","Flush Tokens"
"0xdae997985bf222f7a41429d2d18e66e05fc8a74b324dd1d35011081a5d28b2f7","83834585","1772789201","2026-03-06 18:26:41","0xc8f7787d062a91a5367dde72b35eeb5da807102d","0x98965474ecbec2f532f1f780ee37b0b05f77ca55","","0","0","0","0.011963884516","0.00117974404362757","0.10","","","Transfer"
"0xff06799d0fd734de4360a1ec9e7f7c54f6a67a3ee014e901ffeba7c1d18c32b0","83835029","1772790089","2026-03-06 18:41:29","0xc8f7787d062a91a5367dde72b35eeb5da807102d","0x09440fe0d0b2d3184775f5b0d914bd06260af4be","","0","0","0","0.0107378822304","0.00105884945525403","0.10","","","Flush Tokens"
"0x85092cc72b0139c4f34b238d47b0bfd5fac7d5b2a0a54e8ec21278a3a51fa6bb","83835093","1772790217","2026-03-06 18:43:37","0xc8f7787d062a91a5367dde72b35eeb5da807102d","0xc2132d05d31c914a87c6611c10748aeb04b58e8f","","0","0","0","0.0140302980024","0.00138351055432832","0.10","","","Transfer"
"0x79b5843429e6096bf38911f8fc4d42eb18f10ff396552746176a353d1d13a79a","83835194","1772790419","2026-03-06 18:46:59","0xc8f7787d062a91a5367dde72b35eeb5da807102d","0x451afb78ab4d0c8c9a35e3dfab1868b2d0a223a0","","0","0","0","0.0156865801176","0.00154683451130575","0.10","","","Flush Tokens"
"0xc89b9f9301eca75641b2c29cda9b117b4810c9cf26f9702983d5bb4e87ffa38b","83835204","1772790439","2026-03-06 18:47:19","0xc8f7787d062a91a5367dde72b35eeb5da807102d","0xc10c16da230f481de32b77bca70cd62947561553","","0","0","0","0.0108767163024","0.00107253971357067","0.10","","","Flush Tokens"
"0x5a554c142cc1a78866076c37801ffe206d856a8363548ebed33a748e64e30e6a","83835294","1772790619","2026-03-06 18:50:19","0xc8f7787d062a91a5367dde72b35eeb5da807102d","0x09440fe0d0b2d3184775f5b0d914bd06260af4be","","0","0","0","0.0085259318976","0.000840731733837466","0.10","","","Flush Tokens"
"0xcb4984e352c8d8b09326c5b6a5b2716bd8d961016c2cac2a7c700f951ab0179f","83835538","1772791107","2026-03-06 18:58:27","0xc8f7787d062a91a5367dde72b35eeb5da807102d","0x98965474ecbec2f532f1f780ee37b0b05f77ca55","","0","0","0","0.0088383927057","0.000871543112594094","0.10","","","Transfer"
"0xa17f0f1174c10e9f75b6da906763d21054ef383259d31c56cb3f923a67a9e9f2","83835542","1772791115","2026-03-06 18:58:35","0xc8f7787d062a91a5367dde72b35eeb5da807102d","0xc10c16da230f481de32b77bca70cd62947561553","","0","0","0","0.007574282352","0.00074689073415705","0.10","","","Flush Tokens"
"0xda6b5cf5db66d84bd505a7ff5665efd3df19099ca8ecbe1316f03618d2cfbbae","83835550","1772791131","2026-03-06 18:58:51","0xc8f7787d062a91a5367dde72b35eeb5da807102d","0x98965474ecbec2f532f1f780ee37b0b05f77ca55","","0","0","0","0.0086112182585","0.000849141717746946","0.10","","","Transfer"
"0xafe3d3975acafcc152ceae12042d24437311c380bc461641318cd9a8ddbc3f2c","83835578","1772791187","2026-03-06 18:59:47","0xaf37441e146da307a1d3aed2b2e04cc34e16cd3c","0xc8f7787d062a91a5367dde72b35eeb5da807102d","","0.000004","0","0.000000394435115802005","0.002802234093435","0.00027632488228709","0.10","","","Transfer"
"0xbbcb1ab310002452b3275fcaa9dff91738916b603a80c99276f0f6c138062e41","83835662","1772791355","2026-03-06 19:02:35","0xc8f7787d062a91a5367dde72b35eeb5da807102d","0x716144842d0eb31232562521256e8aea27d53cc2","","0","0","0","0.0082505047419","0.000813572198324079","0.10","","","Flush Tokens"
"0x369b39fa80610943711c50e908df3caabcae7835c58a1f4eca60575865cc5244","83835952","1772791935","2026-03-06 19:12:15","0xc8f7787d062a91a5367dde72b35eeb5da807102d","0x716144842d0eb31232562521256e8aea27d53cc2","","0","0","0","0.0060695718491","0.000598513068792087","0.10","","","Flush Tokens"
"0xaf782946f76ed42d70f9f4e239741a742e71260808c1b9a509a5d1956c259f25","83836023","1772792077","2026-03-06 19:14:37","0xc8f7787d062a91a5367dde72b35eeb5da807102d","0x98965474ecbec2f532f1f780ee37b0b05f77ca55","","0","0","0","0.0115112979355","0.00113511503355508","0.10","","","Transfer"
"0x5260ce279e311979659fc911cdccb5d019e0a8d395eb34fbac89726fd5944f69","83836074","1772792179","2026-03-06 19:16:19","0xc8f7787d062a91a5367dde72b35eeb5da807102d","0x5a413f24851fe3763ba02a441c47e80dc8a4bab6","","0","0","0","0.0087752791327","0.00086531956022536","0.10","","","Flush Tokens"
"0x8cc44e81d05998fda5482702591b4072c0764b619b1710fc1e32cb588e4feafa","83836287","1772792605","2026-03-06 19:23:25","0xc8f7787d062a91a5367dde72b35eeb5da807102d","0xc10c16da230f481de32b77bca70cd62947561553","","0","0","0","0.0115142987088","0.0011354109361461","0.10","","","Flush Tokens"
"0x5f2019a40157b53b2955476636f12c37c641ad183159f74929b67faf9e938301","83836298","1772792627","2026-03-06 19:23:47","0xc8f7787d062a91a5367dde72b35eeb5da807102d","0x98965474ecbec2f532f1f780ee37b0b05f77ca55","","0","0","0","0.0128994883","0.00127200279034928","0.10","","","Transfer"
"0x0c3f1db0ed831a92c1fa6eb22c3f93faa572dff6e83a0a61850e2a7e6248c0d0","83836369","1772792769","2026-03-06 19:26:09","0xc8f7787d062a91a5367dde72b35eeb5da807102d","0xde23830cbf752e18f85674c0b6a0f850e8f66512","","0","0","0","0.0086451836525","0.000852491003775859","0.10","","","Flush Tokens"
"0x43a3875178f44b89b904552f39851c798c608da55dc0db217131db8427e0fdd1","83836404","1772792839","2026-03-06 19:27:19","0xc8f7787d062a91a5367dde72b35eeb5da807102d","0xc2132d05d31c914a87c6611c10748aeb04b58e8f","","0","0","0","0.0120012099732","0.00118342466138583","0.10","","","Transfer"
"0xeb8e8add9ea5adaf06b0dd636ad824328fa5ee94a3d163c0c736cd33fddfeb96","83836594","1772793219","2026-03-06 19:33:39","0xc8f7787d062a91a5367dde72b35eeb5da807102d","0x394a51669415082890fccedbe66ab78adbc58156","","0","0","0","0.0088160368272","0.000869338626712843","0.10","","","Flush Tokens"
"0xffa6776aeed02852cab84fbcc4a79ef3d1c59a40f88725d52ef728e10e4625e1","83836837","1772793705","2026-03-06 19:41:45","0xc8f7787d062a91a5367dde72b35eeb5da807102d","0x715b835c96b02e0c81611bd2c896b341541e5413","","0","0","0","0.0052295058051","0.000515675181955469","0.10","","","Flush Tokens"
"0xb87b08d4a6c850770d6612a37b026965c0a1f79881d02aff1fd9eaec14311bb1","83836850","1772793731","2026-03-06 19:42:11","0xc8f7787d062a91a5367dde72b35eeb5da807102d","0xc2132d05d31c914a87c6611c10748aeb04b58e8f","","0","0","0","0.0076980242656","0.000759092773162145","0.10","","","Transfer"
"0x6b459ad169dfd5e4f93c6429e262a20c90c53a356810259e05fa2ed7fb5c678c","83837019","1772794069","2026-03-06 19:47:49","0xc8f7787d062a91a5367dde72b35eeb5da807102d","0xea5e5892bdee37fbd03e76ae53c7382058de87c3","","0","0","0","0.0122364327852","0.00120661969565845","0.10","","","Flush Tokens"
"0x48b03cd61b3f9799fd35f4142324a5cfd4870f721c041d59f9f10e76d6c7e5b4","83837037","1772794105","2026-03-06 19:48:25","0xc8f7787d062a91a5367dde72b35eeb5da807102d","0xd2df4a2ac49a97d7e1cf1e6e4b9f311e6efa56dc","","0","0","0","0.010414047192","0.00102691647753602","0.10","","","Flush Tokens"
"0x649537bcf3f5f7e5f3b5f12981d4846674a7d9d50c48bbe45543b0866ee1ba60","83837038","1772794107","2026-03-06 19:48:27","0xc8f7787d062a91a5367dde72b35eeb5da807102d","0xc2132d05d31c914a87c6611c10748aeb04b58e8f","","0","0","0","0.0192285462412","0.00189610346583798","0.10","","","Transfer"
"0xb1235353545ad4ba60a0d01a301e4a1d504ce5c5c7d54c0599883809c277a902","83837045","1772794121","2026-03-06 19:48:41","0xc8f7787d062a91a5367dde72b35eeb5da807102d","0xc2132d05d31c914a87c6611c10748aeb04b58e8f","","0","0","0","0.0128873513472","0.00127080598025349","0.10","","","Transfer"
"0x52be791cae1883467ed0f5d9e61fd752abdb9ddcc8fcb3cc8f701f0861e58f10","83837093","1772794217","2026-03-06 19:50:17","0xc8f7787d062a91a5367dde72b35eeb5da807102d","0xc2132d05d31c914a87c6611c10748aeb04b58e8f","","0","0","0","0.0139483722112","0.00137543195209353","0.10","","","Transfer"
"0x5a281ff8761b996eddbf2d4e22bfb245493420508b7ed6b01d3d31585ba8ddec","83837337","1772794705","2026-03-06 19:58:25","0xc8f7787d062a91a5367dde72b35eeb5da807102d","0xd74b0cca75473e1bf25206da94c83c790be4a11b","","0","0","0","0.0186502815325","0.00183908148900291","0.10","","","Flush Tokens"
"0xfeaed6daeac8fccb99be752eabb5d5d58f8eace1f23f515be817e522ec014ebb","83837422","1772794875","2026-03-06 20:01:15","0xc8f7787d062a91a5367dde72b35eeb5da807102d","0xfd0b7578b47cc284c540b0f6bdea6fbf265cd9a7","","0","0","0","0.0227810673792","0.00224641323745201","0.10","","","Flush Tokens"
"0x0225a0deba3a24852cb46924e291fd026af2f0d475fa9436300192b5cf07a716","83837707","1772795445","2026-03-06 20:10:45","0xc8f7787d062a91a5367dde72b35eeb5da807102d","0xc10c16da230f481de32b77bca70cd62947561553","","0","0","0","0.0211556935186","0.00208613710572018","0.10","","","Flush Tokens"
"0x801f264482c54416b0e7992365ff344c7e8f53c110020c97fe38210916391b09","83837819","1772795669","2026-03-06 20:14:29","0xc8f7787d062a91a5367dde72b35eeb5da807102d","0x5603841c4acb07345465ac2fe8297fbf1b5c7c02","","0","0","0","0.0142518084588","0.00140535342995869","0.10","","","Flush Tokens"
"0x9b3dc4b14e0bd982adc55dfebbf6d65f0704eb12ecd3a5ea9517bc11cb2c7276","83837879","1772795789","2026-03-06 20:16:29","0xc8f7787d062a91a5367dde72b35eeb5da807102d","0xc1cddfdd911b710d294126fbf1de0f44f8eccab4","","0","0","0","0.0084864258974","0.000836836095396525","0.10","","","Flush Tokens"
"0x0f6dd251460315c9e58ac63464f7e6af1f30cba90863cdd5facb467930cd62ff","83837908","1772795847","2026-03-06 20:17:27","0xc8f7787d062a91a5367dde72b35eeb5da807102d","0x98965474ecbec2f532f1f780ee37b0b05f77ca55","","0","0","0","0.0127168177235","0.00125398986785043","0.10","","","Transfer"
"0x1764577db2356602d3fba7edde3f10027b24c9b1dc9975e429b656e908ad3dc4","83837982","1772795995","2026-03-06 20:19:55","0xc8f7787d062a91a5367dde72b35eeb5da807102d","0x98965474ecbec2f532f1f780ee37b0b05f77ca55","","0","0","0","0.0088225081593","0.000869976756869407","0.10","","","Transfer"
"0x595b501eb9aa4875bb52da7218063f50da8b9a9ad915c2bf0f0afea27920eabe","83837999","1772796029","2026-03-06 20:20:29","0xc8f7787d062a91a5367dde72b35eeb5da807102d","0x5d2352adba976185635f7e043fa414d5cb4ab7c2","","0","0","0","0.0077397804276","0.000763210297310624","0.10","","","Flush Tokens"
"0x1bce7d5db6a697ea48d6eb45a3e5bc3c9cc0135dd96a85652dea50fe4abf0f6f","83838009","1772796049","2026-03-06 20:20:49","0xc8f7787d062a91a5367dde72b35eeb5da807102d","0x1a71318216407c50ea8e73b9dba715b92ebc4173","","0","0","0","0.007620912","0.000751488826809222","0.10","","","Flush Tokens"
"0x6ae40cf7fe2676bac6c8b8e29bfcac9e4c254f78f0120a305c7a93489604de0d","83838044","1772796119","2026-03-06 20:21:59","0xc8f7787d062a91a5367dde72b35eeb5da807102d","0x21357bd5fbdc56d0031e545b390f5ad020fac57b","","0","0","0","0.0075467308176","0.000744173910991654","0.10","","","Flush Tokens"
"0x43e6a29012aba239b881f4b1be82c5367a6bb5c133e6dd2a1ecfe4c2bb3370bd","83838118","1772796267","2026-03-06 20:24:27","0xc8f7787d062a91a5367dde72b35eeb5da807102d","0xc2132d05d31c914a87c6611c10748aeb04b58e8f","","0","0","0","0.0099142331552","0.000977630425664847","0.10","","","Transfer"
"0xcbb5c38294fd767395f74b80cb29f23a52239d8ae8292748f5ab9e96615458ce","83838119","1772796269","2026-03-06 20:24:29","0xc8f7787d062a91a5367dde72b35eeb5da807102d","0x934e6b27f4435a839308bc2585628b3ee55c0a40","","0","0","0","0.007576413624","0.000747100896286582","0.10","","","Flush Tokens"
"0xc0516c3598ba6c4db52fecc6b9fd8fe760d848004c12b63763da71966e3af009","83838194","1772796419","2026-03-06 20:26:59","0xc8f7787d062a91a5367dde72b35eeb5da807102d","0xc2132d05d31c914a87c6611c10748aeb04b58e8f","","0","0","0","0.0114691191804","0.00113095583801702","0.10","","","Transfer"
"0x4d4775593c3fea6a86925b2d47a27f4b5d1245264ca794916c04b2941e6c1a82","83838364","1772796759","2026-03-06 20:32:39","0xc8f7787d062a91a5367dde72b35eeb5da807102d","0x5d2352adba976185635f7e043fa414d5cb4ab7c2","","0","0","0","0.0087344617284","0.000861294605827408","0.10","","","Flush Tokens"
"0x781aaa51dccc5d93d953011e6cc1d5c804a497bddc71b15dbb8f8bd5eeb23934","83838449","1772796929","2026-03-06 20:35:29","0xc8f7787d062a91a5367dde72b35eeb5da807102d","0x89451e51eea7c08e8b7f286cd8acd2565f63f672","","0","0","0","0.0073415909268","0.000723945316845826","0.10","","","Flush Tokens"
"0xac266776009ee6b62a4e673354bf38e5f17dbe0129137ec0156c5c24e7421e07","83838462","1772796955","2026-03-06 20:35:55","0xc8f7787d062a91a5367dde72b35eeb5da807102d","0x934e6b27f4435a839308bc2585628b3ee55c0a40","","0","0","0","0.0073337439372","0.000723171534782933","0.10","","","Flush Tokens"
"0x0e1a2eb6eef0db8888095bc1ecec64fe9a3ebf5582100517574a6b27d0c7db0c","83838476","1772796983","2026-03-06 20:36:23","0xc8f7787d062a91a5367dde72b35eeb5da807102d","0x98965474ecbec2f532f1f780ee37b0b05f77ca55","","0","0","0","0.0123109386754","0.00121396663051569","0.10","","","Transfer"
"0xf77f91a3f706884c5f6a023334447902e839f568370a6a093454c73267e221c8","83838477","1772796985","2026-03-06 20:36:25","0xc8f7787d062a91a5367dde72b35eeb5da807102d","0x7267357d771e55c6149b05943c1bba33bef0cad5","","0","0","0","0.0064520192843","0.00063622574338991","0.10","","","Flush Tokens"
"0x4cbba559732ed26616adb9c07f2355f45aff0a940703e4193979f501f55ab86d","83838536","1772797103","2026-03-06 20:38:23","0xc8f7787d062a91a5367dde72b35eeb5da807102d","0xc2132d05d31c914a87c6611c10748aeb04b58e8f","","0","0","0","0.0094619070424","0.000933027099994212","0.10","","","Transfer"
"0xba2da79d8b91f0528c68b64130503b49b6e33a282fa183c41af292d89337d895","83838646","1772797323","2026-03-06 20:42:03","0xc8f7787d062a91a5367dde72b35eeb5da807102d","0x98965474ecbec2f532f1f780ee37b0b05f77ca55","","0","0","0","0.007666356737","0.000755970076834519","0.10","","","Transfer"
"0xeaa26d1ccef286f49aa6e1391223b82aa00b8b52b250c3b638adaba8acba3a99","83838739","1772797509","2026-03-06 20:45:09","0xc8f7787d062a91a5367dde72b35eeb5da807102d","0x98965474ecbec2f532f1f780ee37b0b05f77ca55","","0","0","0","0.008357040062","0.000824077516154241","0.10","","","Transfer"
"0xdbbef494848627925e0b0ad010f2b8ab76e2148ec9cb61ed21da6cd6cf362dde","83838744","1772797519","2026-03-06 20:45:19","0xc8f7787d062a91a5367dde72b35eeb5da807102d","0x7a22ccb0be369f03864b7a0dcdc20b723bb533bd","","0","0","0","0.0073713336876","0.000726878214170931","0.10","","","Flush Tokens"
"0xf44bc5013a0f363bd05afefc82eb26ffb12642c3a85cefc664168fff202c9f81","83838786","1772797603","2026-03-06 20:46:43","0xc8f7787d062a91a5367dde72b35eeb5da807102d","0xc2132d05d31c914a87c6611c10748aeb04b58e8f","","0","0","0","0.0118116997488","0.00116473728955911","0.10","","","Transfer"
"0x66e96d9eac22c7ad0726126a22aee76eb4fd21e74b01d5ae18bbefe2f96658df","83838814","1772797659","2026-03-06 20:47:39","0xc8f7787d062a91a5367dde72b35eeb5da807102d","0x21357bd5fbdc56d0031e545b390f5ad020fac57b","","0","0","0","0.0089776668384","0.00088527676475903","0.10","","","Flush Tokens"
"0x3bbba4188be7b8f94ad7c75adb10521c575651f804e8427ff75c68d8d613a532","83838835","1772797701","2026-03-06 20:48:21","0xc8f7787d062a91a5367dde72b35eeb5da807102d","0x98965474ecbec2f532f1f780ee37b0b05f77ca55","","0","0","0","0.0105522534805","0.00104054483088828","0.10","","","Transfer"
"0x1a99321e910094d782803ad3c37b4bac066dc7584f828d027c74e5dccffc4706","83838841","1772797713","2026-03-06 20:48:33","0xc8f7787d062a91a5367dde72b35eeb5da807102d","0xea54e79a64043d9f82f0a85fcbebc715b229e878","","0","0.9","0.0887479010554511","0.0058993977","0.000581732403740395","0.10","","","Transfer"
"0x4647d3585e9cb6e14404877e125b95d38fdc775c95eac1653d95eb282f3b48f4","83839019","1772798069","2026-03-06 20:54:29","0xc8f7787d062a91a5367dde72b35eeb5da807102d","0x0133eefc950231dad3145d1ca17cbb3d953ccbd6","","0","0","0","0.0078321475552","0.000772318506978425","0.10","","","Flush Tokens"
"0x7eae9c39c23a4262f75381798ee722857d82654a30160c39dab695c03ffaef33","83839042","1772798115","2026-03-06 20:55:15","0xc8f7787d062a91a5367dde72b35eeb5da807102d","0xc2132d05d31c914a87c6611c10748aeb04b58e8f","","0","0","0","0.0113234597424","0.00111659253869322","0.10","","","Transfer"
"0x26f41fa803505e8e78457ec64d67e1943dfd0c4a8c9a9dd6976ca01170a6a69b","83839220","1772798471","2026-03-06 21:01:11","0xc8f7787d062a91a5367dde72b35eeb5da807102d","0xc2132d05d31c914a87c6611c10748aeb04b58e8f","","0","0","0","0.0136780028672","0.00134877116121605","0.10","","","Transfer"
"0xb6c3b261527424bec882e2c8c3045c15ab0ea2c0f7012e9f3ea05569566ec427","83839224","1772798479","2026-03-06 21:01:19","0xc8f7787d062a91a5367dde72b35eeb5da807102d","0x1a71318216407c50ea8e73b9dba715b92ebc4173","","0","0","0","0.0074459791452","0.000734238911599069","0.10","","","Flush Tokens"
"0xe022d4d74148e1219f412d6fd3d2d7a6bb05f1b79026bdc50ed9f33fb14d0702","83839349","1772798729","2026-03-06 21:05:29","0xc8f7787d062a91a5367dde72b35eeb5da807102d","0x9e98c71a0d6a4ba473da13506d246ac36778d30f","","0","0","0","0.008259044976","0.000814414340380631","0.10","","","Flush Tokens"
"0x91d74bf965104a43dfe2d3da7b3c5502721ed9d455d7b377756bff17b26b6d3d","83839594","1772799219","2026-03-06 21:13:39","0xc8f7787d062a91a5367dde72b35eeb5da807102d","0x1a71318216407c50ea8e73b9dba715b92ebc4173","","0","0","0","0.0075961942044","0.000749051435166758","0.10","","","Flush Tokens"
"0x4b580d2d71eecb045fb218b768703f66fe2ad264e2178784940829c51adacb6e","83839745","1772799521","2026-03-06 21:18:41","0x2079338b31f4481fe8cb045573883d2b6e00db26","0xc8f7787d062a91a5367dde72b35eeb5da807102d","","903.9940604482","0","89.1417504793026","0.0059395518","0.000585691950511251","0.10","","","Transfer"
"0xdb954a18839ef3aa6204df3de489fcc54d6e0f14c645dee6ef6372f33f00f728","83839759","1772799549","2026-03-06 21:19:09","0xc8f7787d062a91a5367dde72b35eeb5da807102d","0x3da621d869093d41127258f76605f11779f96c3c","","0","0","0","0.0116890194096","0.00115263993110936","0.10","","","Flush Tokens"
"0x5dd180d212df6b93b3e6bc5738b9f8e27258db1583c8c3b2b42648ed6add1f6d","83839897","1772799825","2026-03-06 21:23:45","0x342c3408f1caee2ca42ead0cdcaa13d063efd2a3","0xc8f7787d062a91a5367dde72b35eeb5da807102d","","2086.4346381519","0","205.74077202819","0.0053618481","0.000528725294059065","0.10","","","Transfer"
"0x291f5bdd983bec128faf73784a13a96ea23f42d78987aadc2bec0f7bd5875ba1","83839907","1772799845","2026-03-06 21:24:05","0xc8f7787d062a91a5367dde72b35eeb5da807102d","0x98965474ecbec2f532f1f780ee37b0b05f77ca55","","0","0","0","0.0093619590515","0.000923171350653007","0.10","","","Transfer"
"0x3ba6b6971a166abd838878a4c563903e48c9d6d51087a33dcba545e70e1157dc","83839952","1772799935","2026-03-06 21:25:35","0xc8f7787d062a91a5367dde72b35eeb5da807102d","0x5f35eae3e06c9edd37db023f29573c95e31162eb","","0","0","0","0.0078879774156","0.000777823821341446","0.10","","","Flush Tokens"
"0x33f05369c4cd228cd5249aa86b44ab3f649fa87f632f08e47b875b18f553ef93","83840067","1772800165","2026-03-06 21:29:25","0x2079338b31f4481fe8cb045573883d2b6e00db26","0xc8f7787d062a91a5367dde72b35eeb5da807102d","","758.1595919396","0","74.7611916107742","0.0053609304","0.000528634800782622","0.10","","","Transfer"
"0x23b50e8fac7366aa1acaf4d2dde9fe7126906f37eb5815c1e2fefa4e8974dc44","83840207","1772800445","2026-03-06 21:34:05","0xc8f7787d062a91a5367dde72b35eeb5da807102d","0xb6006e3fc9e9974bfc9435dba7a0113f9c1f6e6c","","0","0","0","0.010229353442","0.00100870405236873","0.10","","","Flush Tokens"
"0x2e25cb6bb6d3a7d10fd4503d6c5a35e781360e8e298d80634c8a119af51ae7f4","83840216","1772800463","2026-03-06 21:34:23","0xc8f7787d062a91a5367dde72b35eeb5da807102d","0x98965474ecbec2f532f1f780ee37b0b05f77ca55","","0","0","0","0.0129715756105","0.00127911123201551","0.10","","","Transfer"
"0xe588ede99ff4f026270d19a23c579d3f86fd11be79acc21fdbd1df941a4260c9","83840682","1772801395","2026-03-06 21:49:55","0xc8f7787d062a91a5367dde72b35eeb5da807102d","0x98965474ecbec2f532f1f780ee37b0b05f77ca55","","0","0","0","0.0098426265923","0.000970569389932436","0.10","","","Transfer"
"0x50ea22f20fa73e4eb368bca7efce32ec4ad1bc3fe4316d4a0e7a17ee30710536","83841217","1772802465","2026-03-06 22:07:45","0xc8f7787d062a91a5367dde72b35eeb5da807102d","0xfe151d4692d81d6d7ce35b5235c5d7289a08726b","","0","0","0","0.0092491458624","0.000912046979826344","0.10","","","Flush Tokens"
"0x8bf917a93cc2477c89bba980306dd1e1f99623b3ff9d2455dc7d13d9ea337a2f","83841440","1772802911","2026-03-06 22:15:11","0xc8f7787d062a91a5367dde72b35eeb5da807102d","0x98965474ecbec2f532f1f780ee37b0b05f77ca55","","0","0","0","0.0088222725834","0.000869953527017558","0.10","","","Transfer"
"0xbe2d4d21b3447c82c505a8bff9b1bf8b0774c642d14e776acb8f6334bfdf7d76","83841472","1772802975","2026-03-06 22:16:15","0xc8f7787d062a91a5367dde72b35eeb5da807102d","0x6208d4c979b7c117de302708d3a9f50d52713472","","0","0","0","0.0065699237082","0.000647852154663551","0.10","","","Flush Tokens"
"0x0421eb7787571249b5b066472ce2baaca5ee266762c6db67cf4334031b37cba5","83841519","1772803069","2026-03-06 22:17:49","0xc8f7787d062a91a5367dde72b35eeb5da807102d","0xe7b18cc2688532ecc730c0d60bcf206744d7bebe","","0","0","0","0.007429523532","0.000732616243674535","0.10","","","Flush Tokens"
"0x8807c8d7a30276fe08635ad8e45da9e2ff7f5915e206e3af9db57fe609f2a1e2","83841614","1772803259","2026-03-06 22:20:59","0xc8f7787d062a91a5367dde72b35eeb5da807102d","0xc1ba72c5bb336c38590c0d5934394f27eb97c140","","0","0","0","0.0149041809888","0.00146968308856284","0.10","","","Flush Tokens"
"0x0d0396dea62f9776e281d539e273d4b7141050a3a6caf5af1e783e7794fe89f3","83841654","1772803339","2026-03-06 22:22:19","0xc8f7787d062a91a5367dde72b35eeb5da807102d","0x98965474ecbec2f532f1f780ee37b0b05f77ca55","","0","0","0","0.0142830976925","0.00140843882308815","0.10","","","Transfer"
"0x0361dc6ec77444e66c08fd1850f46ac0ffb99b9e7f292111d4b88055cb27c351","83841739","1772803509","2026-03-06 22:25:09","0xc8f7787d062a91a5367dde72b35eeb5da807102d","0xfe151d4692d81d6d7ce35b5235c5d7289a08726b","","0","0","0","0.0187093734048","0.00184490846637631","0.10","","","Flush Tokens"
"0x87798ffdbefc0dff839aa048a504afdb3851692f9fcbd690a581cd1372160f25","83842161","1772804353","2026-03-06 22:39:13","0xc8f7787d062a91a5367dde72b35eeb5da807102d","0xaf3bbc35766f09a8ba1f0ec7da27723119e83d3c","","0","2419.2789234","238.562140577157","0.0347566527","0.00342731108315364","0.10","","","Transfer"
"0x623a5fb9f591cf8bedcdbe46c37e271efbc14f162c9a7c6d29028b11cf50918b","83842162","1772804355","2026-03-06 22:39:15","0xc8f7787d062a91a5367dde72b35eeb5da807102d","0xb4783e5055034f6ed176fa5ae186e3f099373c7d","","0","0","0","0.053317945477","0.00525761749963637","0.10","","","Flush Tokens"
"0xa0e02a001a58eb983dc370667470dc89635cc3cc5a0830db5c1085fb366d988b","83842212","1772804455","2026-03-06 22:40:55","0xc8f7787d062a91a5367dde72b35eeb5da807102d","0xcd39dfed762dbbdd3ea7322a125f1965256213ca","","0","0","0","0.0641336528785","0.00632414119998418","0.10","","","Flush Tokens"
"0x9fdf006383269076629314c06c9600a5b1c33dc3735f3b7430cb538d4b3d2969","83842222","1772804475","2026-03-06 22:41:15","0xc8f7787d062a91a5367dde72b35eeb5da807102d","0xb68b934a3f2b8ef21ef463ea5dd4c5b52b258056","","0","0","0","0.0560815805032","0.00553013617503479","0.10","","","Flush Tokens"
"0xb164c5829eefc9f8321cfae85829b2d8f885b3ad058303eb9bcc59552dcadad7","83842393","1772804817","2026-03-06 22:46:57","0xc8f7787d062a91a5367dde72b35eeb5da807102d","0x98965474ecbec2f532f1f780ee37b0b05f77ca55","","0","0","0","0.100796428017","0.00993941268932846","0.10","","","Transfer"
"0x40891339c5bfb747ce476cd222fc82a62ca48944f557a6fb31363aab5efeb76e","83842434","1772804899","2026-03-06 22:48:19","0xc8f7787d062a91a5367dde72b35eeb5da807102d","0xcd39dfed762dbbdd3ea7322a125f1965256213ca","","0","0","0","0.068225156447","0.00672759937094558","0.10","","","Flush Tokens"
"0x0d063cfdec991e962455ef7cb8871c3b6a4f44270c6de076d8330f5789f2f56c","83842570","1772805171","2026-03-06 22:52:51","0xc8f7787d062a91a5367dde72b35eeb5da807102d","0x98965474ecbec2f532f1f780ee37b0b05f77ca55","","0","0","0","0.1108520308697","0.0109309834082444","0.10","","","Transfer"
"0xb56bf8265707aca008e38d4ec6158b591ad458bf4172401e15970b3747b0c6ae","83842602","1772805235","2026-03-06 22:53:55","0xc8f7787d062a91a5367dde72b35eeb5da807102d","0x7de1a84f337cdb38ceb63ed6ebe6a9d85d1ce9d5","","0","0","0","0.0860033764008","0.00848068793250324","0.10","","","Flush Tokens"
"0x69b0623160d12712dee498a2473e4c41c150d64c39d388ea615d9c272d07be46","83842757","1772805545","2026-03-06 22:59:05","0xc8f7787d062a91a5367dde72b35eeb5da807102d","0xb68b934a3f2b8ef21ef463ea5dd4c5b52b258056","","0","0","0","0.083399127552","0.00822388613343982","0.10","","","Flush Tokens"
"0x90bbdc48eb7a82161afe152d1df427ce1e97c5d8778f44c19a0446d06a0d1d6e","83842947","1772805925","2026-03-06 23:05:25","0xc8f7787d062a91a5367dde72b35eeb5da807102d","0x50be108e627698cd11cffef5ce3b24a6ebaf0501","","0","0","0","0.0876437171685","0.00864243993266886","0.10","","","Flush Tokens"
"0x63935803ac8ac9fb991018c04bfa2895cdbdd1029f1f7d178a1ab946c0a0d4e2","83843089","1772806209","2026-03-06 23:10:09","0xc8f7787d062a91a5367dde72b35eeb5da807102d","0x8eb382dcdbc9bf29f7b98e5bcc5140e16d7c402c","","0","0","0","0.0744672962863","0.00734312915853724","0.10","","","Flush Tokens"
"0xdeaffaab7c0f32cd1df67f04d3cf6f3021051396992db73676dc862d768786df","83843398","1772806827","2026-03-06 23:20:27","0xc8f7787d062a91a5367dde72b35eeb5da807102d","0x98965474ecbec2f532f1f780ee37b0b05f77ca55","","0","0","0","0.0869418026347","0.00857322499756323","0.10","","","Transfer"
"0xc23b724a48957f1fc0bc0ab49554664670d87c8d14dbecb0dd84e56ed54eb028","83843464","1772806959","2026-03-06 23:22:39","0xc8f7787d062a91a5367dde72b35eeb5da807102d","0x66981f72de6aeb2249943ead465d27e2d984c8de","","0","0","0","0.0661593200112","0.00652388976249989","0.10","","","Flush Tokens"
"0x019e1cde287bc144ccb2a0bd290501b1af15cd10b220d5a5f8b877e6a95bfdcb","83844100","1772808231","2026-03-06 23:43:51","0xc8f7787d062a91a5367dde72b35eeb5da807102d","0xc2132d05d31c914a87c6611c10748aeb04b58e8f","","0","0","0","0.174151819232","0.0171728982464759","0.10","","","Transfer"
"0x6a77fca46eeb566bd9861f24be6a85e1f394e1931b525cf29cef89edc81b9be2","83844307","1772808645","2026-03-06 23:50:45","0xc8f7787d062a91a5367dde72b35eeb5da807102d","0xd2df4a2ac49a97d7e1cf1e6e4b9f311e6efa56dc","","0","0","0","0.1314996708245","0.0129670219723968","0.10","","","Flush Tokens"
